Comment_ID,Subreddit,Author,Post_Score,Comment_Score,product_mentioned,sentiment,pain_point,Raw_Text
n7w163l,grok,GodSpeedMode,60,2,grok,Positive,N/A,
ncvmf1m,grok,davidcantswim,60,2,grok,Positive,N/A,
nja6xf9,grok,AlertNecessary8286,60,1,grok,Negative,Technical Issue,
nnvqq1g,grok,TWIYJaded,60,1,grok,Negative,Cost/Access,
noaf5wj,grok,Sensitive_Tomorrow82,60,1,grok,Neutral,N/A,
nekqinb,grok,Remarkable_Teach_649,60,2,grok,Neutral,Other,
nok5s8j,grok,Enough-Display-2538,60,1,chatgpt,Neutral,N/A,
np7ouku,grok,RainbowCrown71,216,37,grok,Negative,Censorship,
np7ggfx,grok,Magezo,216,32,grok,Negative,Censorship,
np9h046,grok,Late-Lingonberry-121,216,3,grok,Positive,N/A,
npay0b8,grok,Fullerphoto,216,1,grok,Negative,Censorship,
np7nnh3,grok,Snowbro300,216,-3,grok,Neutral,N/A,
np7v3k2,grok,Snowbro300,216,-18,censored,Negative,Censorship,
np8p8bz,grok,Dardanit,216,3,grok,Positive,N/A,
np7pkng,grok,Dardanit,216,8,grok,Negative,Cost/Access,
np7ya8k,grok,RainbowCrown71,216,20,grok,Negative,Censorship,
np99ggn,grok,mildlyrespectable,216,3,grok,Neutral,Censorship,
npamn3p,grok,Magezo,216,2,grok,Positive,N/A,
np7q97u,grok,Snowbro300,216,-10,censored,Negative,Censorship,
np9uqgm,grok,RatchetundSkank,216,5,grok,Negative,Accuracy/Hallucination,
np9q6nt,grok,Dardanit,216,1,grok,Neutral,Cost/Access,
np7tdbu,grok,Ezekiel-Grey,216,10,grok,Negative,Other,
np7rbps,grok,Dardanit,216,4,chatgpt,Negative,Censorship,
np9dny6,grok,Snowbro300,52,5,woke,Negative,Woke/Bias,
np9ku3h,grok,Beautiful_Top_9806,52,1,grok,Positive,N/A,
npabq5u,grok,bravofiveniner,52,1,grok,Neutral,Accuracy/Hallucination,
npaixfo,grok,b2kdaman,16,1,grok,Neutral,Other,
npautqp,grok,b2kdaman,16,1,grok,Neutral,Other,
np8ram0,grok,Mammoth_Childhood719,34,-1,grok,Neutral,N/A,
npa33nu,grok,Fiddling_Jesus,9,1,grok,Neutral,N/A,
npawylz,grok,lifesuckz69,9,1,grok,Negative,Censorship,
npaxdez,grok,HellesLicht1,9,1,grok,Neutral,Censorship,
npakm0u,grok,asp7yxia,9,1,grok,Neutral,Product Gap,
np9zmfd,grok,ponponsh1t,30,2,grok,Positive,N/A,
np9z1mz,grok,Ipwnurface,8,9,grok,Positive,Speed,
npaf9ib,grok,Particular-Race-5285,8,0,grok,Neutral,N/A,
npauoyt,grok,lolo780,8,1,grok,Neutral,N/A,
np8vqn8,grok,Snowbro300,15,5,grok,Positive,N/A,
npa9svm,grok,Eagle_eye_Online,15,1,grok,Positive,Product Gap,
np8fs9x,ChatGPT,VultureConsole,61,1,chatgpt,Neutral,N/A,
np65edo,ChatGPT,ChatGPT-ModTeam,61,1,chatgpt,Neutral,N/A,
njh1ut9,ChatGPT,Princesslitwhore,3349,212,chatgpt,Negative,Censorship,
njh0wbm,ChatGPT,GirlNumber20,3349,472,chatgpt,Positive,Product Gap,
njitjip,ChatGPT,FluffyPolicePeanut,3349,44,chatgpt,Negative,Product Gap,
njjqhg3,ChatGPT,Sea-Brilliant7877,3349,31,issue,Negative,Censorship,
njgzchj,ChatGPT,LouiseElms,3349,133,chatgpt,Negative,Other,
njhh7kg,ChatGPT,nebelfront,3349,72,chatgpt,Negative,Censorship,
njhnn4w,ChatGPT,anarchicGroove,3349,34,chatgpt,Negative,Product Gap,
nkx8vqx,ChatGPT,TriumphantWombat,3349,15,chatgpt,Negative,Censorship,
njh4h8b,ChatGPT,Plenty-Astronaut7386,3349,40,chatgpt,Positive,N/A,
njm5pvq,ChatGPT,PerspectiveThick458,3349,13,chatgpt,Negative,Censorship,
njo0b33,ChatGPT,Total-Perspective602,3349,14,chatgpt,Negative,Censorship,
njhq9mx,ChatGPT,Ereneste,3349,12,chatgpt,Negative,Censorship,
nkeqnht,ChatGPT,MikeLovesOutdoors23,3349,12,chatgpt,Negative,Censorship,
njn7rhg,ChatGPT,Flaky-Pomegranate-67,3349,10,chatgpt,Positive,N/A,
njh1eei,ChatGPT,AnnaPrice,3349,23,chatgpt,Positive,Censorship,
njh91ri,ChatGPT,LaFleurMorte_,3349,19,chatgpt,Negative,Censorship,
njhq0gv,ChatGPT,rayzorium,3349,18,N/A,Neutral,Censorship,
njgzz4m,ChatGPT,UltraBabyVegeta,3349,40,gemini,Neutral,N/A,
njh995t,ChatGPT,SurreyBird,3349,8,chatgpt,Negative,Censorship,
njjwfk0,ChatGPT,Spectral-Operator,3349,8,claude,Negative,Woke/Bias,
nk6g5e7,ChatGPT,SuperDeluxe2020,3349,8,chatgpt,Negative,Censorship,
njhs9j9,ChatGPT,DefunctJupiter,3349,14,chatgpt,Negative,Woke/Bias,
njh8lpb,ChatGPT,loves_spain,3349,8,chatgpt,Neutral,N/A,
njhxyfe,ChatGPT,tagorrr,3349,9,chatgpt,Negative,Censorship,
nkgujag,ChatGPT,Ok_Soup3987,3349,7,chatgpt,Negative,Censorship,
nlrvy7n,ChatGPT,ResilientRootz,3349,7,chatgpt,Negative,Censorship,
no93y0i,ChatGPT,username_i_suppose,3349,6,chatgpt,Negative,Technical Issue,
njh2otg,ChatGPT,nrgins,3349,12,chatgpt,Negative,Woke/Bias,
njhhcyv,ChatGPT,michihobii,3349,6,chatgpt,Positive,N/A,
njhm0gl,ChatGPT,Ready-Advantage8105,3349,5,issue,Negative,Censorship,
njiqqym,ChatGPT,mnyall,3349,5,chatgpt,Neutral,Product Gap,
njjjmxt,ChatGPT,twinmatrix,3349,6,chatgpt,Negative,Product Gap,
nk2pc1g,ChatGPT,smol-tomatoes,3349,5,chatgpt,Negative,Censorship,
njkbrce,ChatGPT,doublEkrakeNboyZ,3349,6,bias,Negative,Woke/Bias,
njkmaf4,ChatGPT,LanceJade,3349,6,chatgpt,Positive,N/A,
njpqh9t,ChatGPT,Sufficient_Ad_9,3349,4,chatgpt,Negative,Censorship,
nk0n21q,ChatGPT,TegamiBachi25,3349,5,chatgpt,Negative,Product Gap,
nku94p6,ChatGPT,IndividualGur4814,3349,6,chatgpt,Negative,Technical Issue,
nkuojq6,ChatGPT,twinkletooees,3349,6,chatgpt,Negative,Technical Issue,
nl2y25u,ChatGPT,Kitchen-Flatworm-957,3349,6,chatgpt,Negative,Censorship,
njgx3ww,ChatGPT,LiberataJoystar,3349,18,chatgpt,Negative,Censorship,
njgv2ib,ChatGPT,woowahh,3349,16,chatgpt,Negative,Product Gap,
njjvubi,ChatGPT,ApricotReasonable937,3349,4,chatgpt,Negative,Accuracy/Hallucination,
nk6f4aa,ChatGPT,SuperDeluxe2020,3349,5,chatgpt,Negative,Censorship,
nlv1zww,ChatGPT,KripinDeth,3349,4,chatgpt,Negative,Woke/Bias,
nm3hnlh,ChatGPT,VanDerMerwe1990,3349,5,chatgpt,Negative,Cost/Access,
nmnx78c,ChatGPT,stand_up_tall,3349,4,chatgpt,Negative,Product Gap,
nnd0z3y,ChatGPT,Osairisx,3349,3,chatgpt,Neutral,Product Gap,
nnguwbg,ChatGPT,Relative_Resource691,3349,4,grok,Negative,Product Gap,
njh3ag8,ChatGPT,Alastor8472,3349,6,chatgpt,Positive,N/A,
njh4m6b,ChatGPT,Brian_from_accounts,3349,4,chatgpt,Negative,Technical Issue,
njj5g5s,ChatGPT,AdvocateReason,3349,6,chatgpt,Negative,Censorship,
njhue0d,ChatGPT,Ghurnijao,3349,3,chatgpt,Negative,Accuracy/Hallucination,
njhyk2v,ChatGPT,Machk1,3349,3,chatgpt,Positive,Censorship,
nji7y7b,ChatGPT,octopi917,3349,3,chatgpt,Positive,N/A,
njip3y8,ChatGPT,Calm_Fox3286,3349,3,issue,Neutral,Censorship,
njko5xx,ChatGPT,nifeau,3349,3,chatgpt,Negative,Cost/Access,
njuxr3i,ChatGPT,Agrial,3349,3,chatgpt,Negative,Censorship,
nkbhozc,ChatGPT,Key_Comparison_6360,3349,3,chatgpt,Negative,Censorship,
nktfy2g,ChatGPT,tsyves,3349,3,chatgpt,Negative,Other,
nlrqulx,ChatGPT,robyculous_v2,3349,3,chatgpt,Negative,Technical Issue,
nm0uwip,ChatGPT,Embarrassed_Egg6460,3349,3,chatgpt,Neutral,Product Gap,
nmtukem,ChatGPT,WillSmithSlappedMe20,3349,3,grok,Positive,Censorship,
nmwzjoy,ChatGPT,auhatt,3349,3,chatgpt,Negative,Censorship,
njh1dk0,ChatGPT,The_Scarlett_,3349,8,chatgpt,Neutral,Data Privacy,
njhsojh,ChatGPT,underdonk,3349,5,chatgpt,Positive,N/A,
njhnfrr,ChatGPT,Ok-Arm3286,3349,2,chatgpt,Neutral,Other,
njhwd5h,ChatGPT,AcanthisittaOk8279,3349,2,chatgpt,Positive,N/A,
nji1vk0,ChatGPT,Omaestre,3349,2,chatgpt,Negative,Technical Issue,
njijmna,ChatGPT,ThaBeatGawd,3349,2,chatgpt,Neutral,N/A,
njj9rz4,ChatGPT,AnnaKnives,3349,2,chatgpt,Neutral,Technical Issue,
njnad3o,ChatGPT,Ok_Long5367,3349,2,chatgpt,Neutral,Data Privacy,
njrktyn,ChatGPT,figgybrain,3349,2,chatgpt,Negative,Technical Issue,
njsjs9l,ChatGPT,breezy_babygirl,3349,2,chatgpt,Negative,Technical Issue,
nm2gj4h,ChatGPT,Frosty790,3349,2,chatgpt,Negative,Censorship,
nn47ibt,ChatGPT,Physical_Tie7576,3349,2,grok,Positive,Censorship,
no0uqz3,ChatGPT,SirCaesar29,3349,2,chatgpt,Negative,Technical Issue,
no2s9as,ChatGPT,K0paz,3349,2,N/A,Negative,Data Privacy,
njjiuq9,ChatGPT,Accomplished-Yak7042,3349,3,chatgpt,Negative,Data Privacy,
njhj1yj,ChatGPT,FLToddy,3349,73,chatgpt,Positive,N/A,
njhbg06,ChatGPT,deepunderscore,3349,17,chatgpt,Positive,N/A,
njkznu0,ChatGPT,chatgpt_friend,3349,3,grok,Neutral,Woke/Bias,
nl1g18i,ChatGPT,YWH-HWY,3349,2,chatgpt,Negative,Other,
njiwjvc,ChatGPT,SundaeTrue1832,3349,7,chatgpt,Negative,Technical Issue,
njhdmu6,ChatGPT,RA_Throwaway90909,3349,12,N/A,Neutral,N/A,
njhr9cy,ChatGPT,PacSan300,3349,6,gemini,Positive,Product Gap,
njh85cz,ChatGPT,LiberataJoystar,3349,18,censored,Negative,Censorship,
nji7y10,ChatGPT,roguesignal42069,3349,5,chatgpt,Negative,Censorship,
njh8p4o,ChatGPT,Striking-Tour-8815,3349,17,gemini,Neutral,N/A,
njky5ac,ChatGPT,chatgpt_friend,3349,3,chatgpt,Negative,Woke/Bias,
njhc759,ChatGPT,littlemissrawrrr,3349,11,N/A,Negative,Woke/Bias,
njjw6dk,ChatGPT,ApricotReasonable937,3349,3,chatgpt,Neutral,N/A,
njh8lur,ChatGPT,JoviAMP,3349,41,N/A,Neutral,N/A,
njl5p4h,ChatGPT,Fishermang,3349,8,woke,Negative,Woke/Bias,
nji2cgi,ChatGPT,starfries,3349,6,grok,Positive,Product Gap,
njh7ggn,ChatGPT,Outside-Round873,3349,26,grok,Negative,Product Gap,
njhnool,ChatGPT,LouiseElms,3349,6,claude,Neutral,Cost/Access,
nk3j5kg,ChatGPT,DeepSea_Dreamer,3349,2,claude,Neutral,N/A,
njhdmxn,ChatGPT,Informal-Fig-7116,3349,16,grok,Negative,Accuracy/Hallucination,
njirhh3,ChatGPT,Black_Swans_Matter,3349,3,N/A,Neutral,N/A,
nl66buz,ChatGPT,solun108,3349,2,claude,Positive,Censorship,
njhkqp2,ChatGPT,EFNC9,3349,12,chatgpt,Positive,N/A,
njhkzd5,ChatGPT,Cinnamon_Pancakes_54,3349,63,chatgpt,Negative,Woke/Bias,
nji7k3j,ChatGPT,Born-Meringue-5217,3349,31,chatgpt,Neutral,N/A,
nji6w0r,ChatGPT,bikemandan,3349,5,claude,Positive,N/A,
nlguhwo,ChatGPT,WonkyButAlive,3349,2,chatgpt,Positive,Product Gap,
njhy7n9,ChatGPT,JoviAMP,3349,3,chatgpt,Neutral,Accuracy/Hallucination,
np7f292,ChatGPT,Coixe,1650,14,chatgpt,Neutral,N/A,
np7xugf,ChatGPT,_reddit_user_001_,1650,3,chatgpt,Positive,N/A,
np8b769,ChatGPT,dCLCp,1650,13,chatgpt,Neutral,N/A,
np8oc6s,ChatGPT,Coixe,1650,10,chatgpt,Neutral,Product Gap,
np900j1,ChatGPT,GhostCriticGenius,1650,5,chatgpt,Neutral,N/A,
npa58w5,ChatGPT,yaosio,174,91,chatgpt,Negative,Accuracy/Hallucination,
npacj45,ChatGPT,maxwdn,174,27,chatgpt,Positive,N/A,
npaf8o8,ChatGPT,thespirit3,174,14,chatgpt,Positive,N/A,
npacduw,ChatGPT,mjmcaulay,174,14,chatgpt,Positive,N/A,
npamumj,ChatGPT,littlebunnydoot,174,8,chatgpt,Positive,N/A,
npai3ls,ChatGPT,Happy_Excuse7086,174,3,chatgpt,Negative,Accuracy/Hallucination,
npanih1,ChatGPT,TheCalamityBrain,174,2,chatgpt,Positive,N/A,
npatlkg,ChatGPT,FederalDatabase178,174,1,chatgpt,Positive,Accuracy/Hallucination,
npay276,ChatGPT,No-Peak-BBB,174,1,chatgpt,Positive,N/A,
npafmkq,ChatGPT,MissinEastC,174,-3,chatgpt,Negative,Accuracy/Hallucination,
npablcq,ChatGPT,thefarmhousestudio,174,14,chatgpt,Positive,N/A,
npadelo,ChatGPT,sassysaurusrex528,174,19,chatgpt,Negative,Technical Issue,
npaib07,ChatGPT,SoulSword2018,174,3,chatgpt,Positive,Cost/Access,
npak2sn,ChatGPT,Maddy_Cat_91,174,5,too expensive,Positive,Cost/Access,
npao18q,ChatGPT,SoulSword2018,174,3,chatgpt,Neutral,N/A,
np6qf3r,ChatGPT,Successful-Fee3790,588,5,chatgpt,Neutral,N/A,
npa9fzp,ChatGPT,AntonRahbek,588,3,chatgpt,Neutral,N/A,
np7fvu8,ChatGPT,Batgirl_III,588,2,chatgpt,Positive,N/A,
np6mkat,ChatGPT,mounirammi,588,5,chatgpt,Neutral,N/A,
np74cip,ChatGPT,sleepingsunx,588,1,chatgpt,Neutral,N/A,
np7lict,ChatGPT,West_Till_2493,588,1,chatgpt,Neutral,N/A,
np84ree,ChatGPT,jchronowski,588,1,chatgpt,Neutral,Data Privacy,
npa73yd,ChatGPT,ConwayTech,588,1,chatgpt,Neutral,N/A,
np83qdx,ChatGPT,simanthropy,588,27,N/A,Neutral,Product Gap,
np8pdaa,ChatGPT,-Davster-,588,22,deepseek,Positive,N/A,
np8zeg9,ChatGPT,anjowoq,588,1,chatgpt,Negative,Accuracy/Hallucination,
np7lk0j,ChatGPT,MikeArrow,230,7,N/A,Neutral,N/A,
np817im,ChatGPT,Brave-Silver8736,230,1,chatgpt,Neutral,N/A,
np81g5x,ChatGPT,PG_Lee_1981,230,1,chatgpt,Neutral,N/A,
np8a52j,ChatGPT,qiwi,230,1,chatgpt,Positive,N/A,
np8he6f,ChatGPT,Chinatsueatsyou,230,1,chatgpt,Positive,N/A,
np8op1a,ChatGPT,Thain0fBuckland,230,1,chatgpt,Positive,N/A,
np8t3za,ChatGPT,Inevitable_Wolf5866,230,1,N/A,Positive,N/A,
np9ct4z,ChatGPT,bruceunx,230,1,chatgpt,Negative,Data Privacy,
np9x3zo,ChatGPT,DonnyDonster,230,1,chatgpt,Positive,N/A,
np7vofb,ChatGPT,Drkpaladin7,230,1,chatgpt,Negative,Accuracy/Hallucination,
npa7khz,ChatGPT,Quick_Molasses5381,230,1,chatgpt,Neutral,N/A,
np4ptpe,ChatGPT,fitzpleasureddd,2052,91,chatgpt,Positive,Product Gap,
np52kvv,ChatGPT,Chop1n,2052,40,chatgpt,Positive,N/A,
np5sudg,ChatGPT,sarkarv052,2052,2,gemini,Positive,N/A,
np6k6ra,ChatGPT,ChrjoGehsal,2052,2,gemini,Neutral,N/A,
np5uso0,ChatGPT,Circumpunctilious,2052,1,chatgpt,Negative,Technical Issue,
np5gh0z,ChatGPT,Low_Coconut_7642,2052,0,chatgpt,Neutral,N/A,
np4yyv0,ChatGPT,SoulNTheSun,2052,104,gemini,Negative,Other,
np7jqmi,ChatGPT,Prysorra2,2052,1,gemini,Neutral,N/A,
np4l161,ChatGPT,Business-Most-546,2052,14,chatgpt,Neutral,N/A,
np5c3em,ChatGPT,Quiet_Ambassador_927,2052,24,gemini,Positive,Accuracy/Hallucination,
np5cpag,ChatGPT,bepatientbekind,2052,8,gemini,Negative,Accuracy/Hallucination,
npazdvr,ChatGPT,LiveYourDaydreams,8,1,chatgpt,Positive,N/A,
npae662,ChatGPT,Shellyk02,101,1,chatgpt,Negative,Technical Issue,
np8c2tg,ChatGPT,Quantum-Cat,101,-4,woke,Negative,Woke/Bias,
npaxsq2,ChatGPT,Mighty_Mycroft,101,1,censored,Neutral,Censorship,
np9cgi9,ChatGPT,crustdrunk,101,1,chatgpt,Neutral,N/A,
np7whv5,ChatGPT,NukeTheNerd,95,105,claude,Positive,Accuracy/Hallucination,
np815xi,ChatGPT,77thway,95,15,gemini,Neutral,Accuracy/Hallucination,
np7xghj,ChatGPT,RedditCommenter38,95,3,gemini,Positive,N/A,
np7t522,ChatGPT,Jazzlike-Cat3073,95,4,claude,Neutral,N/A,
npapzxh,ChatGPT,sifir,95,1,claude,Neutral,N/A,
np9vrwx,ChatGPT,traumfisch,95,0,claude,Neutral,N/A,
np8ajj9,ChatGPT,proudream1,95,23,claude,Positive,N/A,
np8p518,ChatGPT,merlin401,95,22,claude,Positive,N/A,
npa4p67,ChatGPT,yaosio,95,3,gemini,Neutral,Other,
np8q7b3,ChatGPT,NukeTheNerd,95,6,claude,Positive,N/A,
np9tzbh,ChatGPT,Ok_Major9598,50,1,chatgpt,Negative,Woke/Bias,
np90mm6,ChatGPT,ARTISTAI,50,38,chatgpt,Neutral,N/A,
np24r5z,ChatGPT,European_Samurai,18627,2,chatgpt,Neutral,Technical Issue,
np5w7zl,ChatGPT,Odd_Sir_5922,18627,1,censored,Negative,Censorship,
np176yu,ChatGPT,inkydragon27,18627,120,chatgpt,Neutral,N/A,
np17joo,ChatGPT,MilkSlap,18627,14,chatgpt,Neutral,N/A,
np122ty,ChatGPT,MilkSlap,18627,14,chatgpt,Negative,Censorship,
np1oqgw,ChatGPT,nokiacrusher,18627,-14,chatgpt,Negative,Other,
np4ayfh,ChatGPT,YXAndyYX,18627,7,chatgpt,Neutral,N/A,
np195az,ChatGPT,bhannik-itiswatitis,18627,20,chatgpt,Neutral,N/A,
np3mkvg,ChatGPT,walkerboh83,18627,3,chatgpt,Positive,N/A,
np1n3oe,ChatGPT,inkydragon27,18627,41,chatgpt,Neutral,N/A,
np4c2bh,ChatGPT,GoldenSun3DS,18627,8,hallucination,Negative,Accuracy/Hallucination,
np193w7,ChatGPT,420CowboyTrashGoblin,18627,5,gemini,Neutral,N/A,
npamkpu,ChatGPT,ArmPersonal36,11,0,chatgpt,Positive,N/A,
np9gmr6,ChatGPT,Batgirl_III,38,20,chatgpt,Positive,N/A,
npa01ls,ChatGPT,UsedLibrarian4872,38,5,chatgpt,Neutral,N/A,
np9jujs,ChatGPT,ChatGPT-ModTeam,38,1,chatgpt,Neutral,Censorship,
npa6yho,ChatGPT,Glittering_Berry1740,28,2,chatgpt,Positive,N/A,
npabvmt,ChatGPT,mjmcaulay,28,3,chatgpt,Neutral,N/A,
npat5c5,ChatGPT,mulligan_sullivan,28,0,chatgpt,Neutral,N/A,
npamlyc,ChatGPT,Specialist-Abies-909,28,1,chatgpt,Neutral,N/A,
np9tyxu,ChatGPT,Jayston1994,28,1,issue,Negative,Other,
npachgk,ChatGPT,The_Krambambulist,28,0,hallucination,Negative,Accuracy/Hallucination,
npayi57,ChatGPT,Leather_Target2074,28,1,N/A,Neutral,N/A,
np9r4ag,ChatGPT,charismacarpenter,28,-5,N/A,Neutral,N/A,
np9oxc7,ChatGPT,charismacarpenter,28,4,N/A,Neutral,N/A,
np9xmnq,ChatGPT,charismacarpenter,28,-1,N/A,Negative,N/A,
np9ya8c,ChatGPT,Leather_Target2074,28,5,chatgpt,Neutral,Other,
npaxyqw,ChatGPT,ResidentOwl1,28,1,chatgpt,Positive,N/A,
np9z0ex,ChatGPT,ArmPersonal36,13,7,chatgpt,Positive,N/A,
npa166a,ChatGPT,ShishKabobCurry,13,5,gemini,Negative,Product Gap,
npa178z,ChatGPT,argus_2968,13,5,claude,Positive,Product Gap,
npa5e34,ChatGPT,quietbushome,13,6,claude,Neutral,N/A,
npancal,ChatGPT,DDlg72,13,2,chatgpt,Positive,N/A,
npaix8j,ChatGPT,punkina,13,1,chatgpt,Positive,Woke/Bias,
npak9q5,ChatGPT,AnnieLuneInTheSky,13,1,claude,Neutral,N/A,
npa0whi,ChatGPT,SuspiciousCorner6135,13,1,grok,Negative,Product Gap,
np9z4m0,ChatGPT,Scalchopz,13,8,grok,Negative,Other,
npa1a7j,ChatGPT,SuspiciousCorner6135,13,2,grok,Positive,Woke/Bias,
npa97dw,ChatGPT,ElitistCarrot,13,2,claude,Positive,Accuracy/Hallucination,
npauvew,GoogleGeminiAI,Milo_Vexler,8,0,gemini,Negative,Accuracy/Hallucination,
npawghl,GoogleGeminiAI,MaciasAnya95,8,2,gemini,Negative,Other,
npa673b,GoogleGeminiAI,coursiv_,44,2,gemini,Negative,Data Privacy,
np9y5i4,GoogleGeminiAI,Effect-Kitchen,44,1,gemini,Negative,Technical Issue,
np7noi3,GoogleGeminiAI,Narrow_Web1063,44,3,gemini,Neutral,N/A,
npa1j4k,GoogleGeminiAI,Narrow_Web1063,44,1,gemini,Negative,Technical Issue,
npa1bec,GoogleGeminiAI,Narrow_Web1063,44,1,gemini,Neutral,N/A,
npa1c0z,GoogleGeminiAI,Narrow_Web1063,44,1,gemini,Neutral,N/A,
npa0tud,GoogleGeminiAI,Narrow_Web1063,44,2,gemini,Negative,Product Gap,
np7w5g7,GoogleGeminiAI,TraditionalCounty395,44,3,gemini,Neutral,Product Gap,
npa3ery,GoogleGeminiAI,Significant_Cap13,44,1,gemini,Neutral,N/A,
npav8rm,GoogleGeminiAI,Volkova0093,2,2,gemini,Positive,N/A,
np25958,GoogleGeminiAI,Fluid-Condition-1597,511,62,gemini,Positive,N/A,
np38uyi,GoogleGeminiAI,unkwn-player,511,9,gemini,Negative,Product Gap,
np2mbyo,GoogleGeminiAI,Advenimuss,511,8,gemini,Negative,Product Gap,
np3xc0p,GoogleGeminiAI,MartyMcFly7,511,2,gemini,Positive,N/A,
np4xsmd,GoogleGeminiAI,tursija,511,2,gemini,Positive,N/A,
np3gony,GoogleGeminiAI,JohnTheGambler,511,3,gemini,Negative,Product Gap,
np389ah,GoogleGeminiAI,manwhothinks,511,2,gemini,Negative,Censorship,
np2xroi,GoogleGeminiAI,bohmaSupreme,511,1,chatgpt,Positive,N/A,
np3o5bk,GoogleGeminiAI,karni60,511,1,gemini,Positive,N/A,
np4cwq0,GoogleGeminiAI,NoobMLDude,511,1,gemini,Positive,N/A,
np4s2n4,GoogleGeminiAI,shinnunknown439,511,1,gemini,Positive,N/A,
np57g89,GoogleGeminiAI,Gelinhir,511,1,gemini,Neutral,Data Privacy,
np5g19j,GoogleGeminiAI,Future_TimeTravler,511,1,chatgpt,Positive,N/A,
np5j38f,GoogleGeminiAI,Loose-Debate-2070,511,1,gemini,Neutral,N/A,
np5jmgn,GoogleGeminiAI,bodkins,511,1,chatgpt,Neutral,Data Privacy,
np5uf7o,GoogleGeminiAI,Typical_Walker3,511,1,gemini,Negative,Product Gap,
np6llnl,GoogleGeminiAI,mastertape,511,1,gemini,Neutral,N/A,
np6nd0o,GoogleGeminiAI,HidingInPlainSite404,511,1,chatgpt,Neutral,N/A,
np6pds8,GoogleGeminiAI,DrDahrix,511,1,chatgpt,Negative,Censorship,
np6th1x,GoogleGeminiAI,Imaginary-Tooth896,511,1,gemini,Negative,Product Gap,
np8xk8v,GoogleGeminiAI,Particular_Bird7375,511,1,chatgpt,Negative,Technical Issue,
npazh4p,GoogleGeminiAI,420666itup,511,1,gemini,Positive,Cost/Access,
np2xzru,GoogleGeminiAI,diggsalot,511,19,gemini,Positive,N/A,
np7qjmi,GoogleGeminiAI,CacheConqueror,511,1,gemini,Negative,Cost/Access,
np7w16r,GoogleGeminiAI,No-Scholar6835,511,1,chatgpt,Negative,Speed,
npa3qhm,GoogleGeminiAI,scmkr,511,1,chatgpt,Positive,N/A,
np3b091,GoogleGeminiAI,Khazz65,511,4,gemini,Negative,Accuracy/Hallucination,
np4bb24,GoogleGeminiAI,Zeroox1337,511,2,gemini,Neutral,N/A,
np3dir7,GoogleGeminiAI,williamtkelley,511,2,gemini,Positive,N/A,
np2dyvf,GoogleGeminiAI,FuriousImpala,511,0,N/A,Negative,Data Privacy,
np6261m,GoogleGeminiAI,Full-Contest1281,511,1,gemini,Neutral,N/A,
np3vwp5,GoogleGeminiAI,JohnTheGambler,511,0,gemini,Negative,Other,
np3x3h1,GoogleGeminiAI,AntMozzy4220,511,0,gemini,Negative,Censorship,
np3cai6,GoogleGeminiAI,diggsalot,511,6,gemini,Neutral,N/A,
np4l3b9,GoogleGeminiAI,Spursdy,65,20,gemini,Positive,N/A,
npadc2o,GoogleGeminiAI,davemanster,2,1,gemini,Neutral,Cost/Access,
non4zcb,singularity,MassiveWasabi,1267,157,gemini,Positive,Product Gap,
non7brw,singularity,Tedinasuit,1267,20,gemini,Negative,Product Gap,
nonl38b,singularity,Gold_Cardiologist_46,1267,10,gemini,Neutral,N/A,
noq3vpb,singularity,Gold_Cardiologist_46,1267,1,gemini,Neutral,Product Gap,
non9ql8,singularity,Tedinasuit,1267,10,gemini,Neutral,N/A,
non9qpe,singularity,Evening_Archer_2202,1267,3,gemini,Neutral,N/A,
nondc5z,singularity,Acrobatic-Tomato4862,1267,3,gemini,Neutral,N/A,
nor8l1f,singularity,Happy_Ad2714,1267,2,N/A,Neutral,N/A,
noneoyb,singularity,vamos_davai,1267,6,claude,Positive,Censorship,
nor8ydx,singularity,Same_West4940,1267,1,N/A,Neutral,N/A,
nongdb8,singularity,BigZaddyZ3,1267,-1,claude,Neutral,N/A,
nopb1y8,singularity,Skandrae,1267,1,N/A,Neutral,N/A,
nnac8uh,singularity,kt0n,2725,1,deepseek,Neutral,Product Gap,
nnb8nu9,singularity,midnightBloomer24,2725,2,N/A,Neutral,Other,
np8ddtc,singularity,Barry-McKocinue,902,17,N/A,Neutral,N/A,
npafto4,singularity,aaTONI,86,1,claude,Neutral,N/A,
npahu15,singularity,Apprehensive-Ad-936,86,1,claude,Neutral,Cost/Access,
npafyai,singularity,pavelkomin,86,5,claude,Neutral,N/A,
npatayl,singularity,L0rdCha0s,86,1,chatgpt,Positive,N/A,
np6szk6,singularity,peabody624,553,113,gemini,Neutral,N/A,
np6t6re,singularity,New_World_2050,553,25,chatgpt,Negative,Accuracy/Hallucination,
np78fhk,singularity,Thistlemanizzle,553,10,gemini,Neutral,Cost/Access,
np75dnn,singularity,FatefulDonkey,553,3,gemini,Negative,Accuracy/Hallucination,
np6um6j,singularity,adarkuccio,553,5,chatgpt,Neutral,N/A,
npav6d5,singularity,rushmc1,553,1,gemini,Negative,Product Gap,
np7q1pl,singularity,Grand0rk,553,2,claude,Negative,Other,
np7md54,singularity,Kanute3333,553,1,claude,Negative,Accuracy/Hallucination,
np7t8p8,singularity,One_Man_Boyband,553,1,gemini,Neutral,N/A,
np8cy40,singularity,the-final-frontiers,553,1,gemini,Negative,Accuracy/Hallucination,
np8r063,singularity,DontBanMeAgainPls26,553,1,claude,Negative,Technical Issue,
np9fkq0,singularity,Latter-Stage-1948,553,1,chatgpt,Positive,N/A,
np781mf,singularity,thegreatfusilli,553,0,claude,Negative,N/A,
np75v3i,singularity,FakeTunaFromSubway,553,88,gemini,Positive,N/A,
np70hh7,singularity,Eyelbee,553,-11,chatgpt,Negative,Product Gap,
np7kkzv,singularity,doubleoeck1234,553,25,chatgpt,Negative,Other,
np7h9g8,singularity,ImpossibleBox2295,553,-3,deepseek,Neutral,Product Gap,
np6z5ol,singularity,z_3454_pfk,553,12,chatgpt,Positive,N/A,
np78yku,singularity,Debisibusis,553,1,claude,Negative,Cost/Access,
np8l3sf,singularity,space_monster,553,2,claude,Neutral,N/A,
npacwg9,singularity,paperbenni,553,2,gemini,Neutral,Technical Issue,
np770af,singularity,Over-Independent4414,553,15,gemini,Neutral,Other,
np7iunm,singularity,Popular_Tomorrow_204,553,1,claude,Neutral,N/A,
np714o0,singularity,Mob_Abominator,553,0,chatgpt,Neutral,N/A,
np7dref,singularity,WHYWOULDYOUEVENARGUE,553,3,chatgpt,Neutral,N/A,
np8fvvf,singularity,justaRndy,553,0,chatgpt,Positive,N/A,
np77vkg,singularity,Utoko,553,8,claude,Positive,N/A,
np7iwqp,singularity,lizerome,553,0,gemini,Neutral,Censorship,
np72gmu,singularity,Eyelbee,553,-7,hallucination,Negative,Accuracy/Hallucination,
npaokxq,singularity,Next_Instruction_528,553,1,claude,Positive,N/A,
np75trr,singularity,Artistic-Staff-8611,158,27,too expensive,Neutral,N/A,
np76w13,singularity,blueSGL,158,4,N/A,Negative,Other,
np771gk,singularity,nivvis,158,1,N/A,Neutral,N/A,
npa5qfe,singularity,Elephant789,158,1,chatgpt,Neutral,N/A,
npa8jb7,singularity,TheToi,158,1,chatgpt,Neutral,N/A,
np7dnmz,singularity,Oxjrnine,158,0,chatgpt,Neutral,Other,
np75weq,singularity,incomplete_goblin,158,1,N/A,Neutral,N/A,
np8017n,singularity,donotreassurevito,158,0,N/A,Neutral,N/A,
np8058m,singularity,blueSGL,158,2,chatgpt,Neutral,Other,
np8u3nf,singularity,blueSGL,158,1,N/A,Neutral,N/A,
np83s8a,singularity,Setsuiii,75,19,gemini,Positive,N/A,
np91fh8,singularity,QLaHPD,75,3,censored,Negative,Censorship,
np8qqxp,singularity,EsotericTechnique,75,2,gemini,Neutral,N/A,
np8rtpk,singularity,Several-Departure957,75,2,gemini,Neutral,N/A,
np85xfz,singularity,DepartmentDapper9823,75,1,gemini,Neutral,N/A,
np84emx,singularity,Setsuiii,75,25,gemini,Neutral,N/A,
np85dhs,singularity,Regular_Eggplant_248,75,4,gemini,Neutral,N/A,
np85sz8,singularity,Setsuiii,75,18,gemini,Positive,N/A,
npatkrb,singularity,9yogenius,75,1,gemini,Neutral,N/A,
npapx58,singularity,Friendly-Canadianguy,35,1,chatgpt,Negative,Product Gap,
np59o3r,singularity,XxGoldenGaussxX,320,22,N/A,Negative,N/A,
np6sbf8,singularity,Godz1lla1,320,3,chatgpt,Positive,N/A,
np5di5h,singularity,LexGlad,320,2,gemini,Neutral,N/A,
np6wmam,singularity,bartturner,320,1,N/A,Neutral,N/A,
np9yoou,singularity,torsen830,320,1,N/A,Neutral,N/A,
np72h44,singularity,TheAceOfHearts,320,2,chatgpt,Neutral,N/A,
np5wn23,singularity,VernTheSatyr,320,4,N/A,Negative,Other,
np5c4u3,singularity,AmusingVegetable,320,11,hallucination,Negative,Accuracy/Hallucination,
np5gj53,singularity,human_in_the_mist,320,11,N/A,Neutral,N/A,
np8k1be,singularity,kaityl3,320,7,claude,Positive,N/A,
np5j60w,singularity,doodlinghearsay,320,5,chatgpt,Negative,Other,
np8eu7c,singularity,kaityl3,320,1,N/A,Negative,Other,
np84nkk,singularity,scottie2haute,320,2,N/A,Neutral,N/A,
np8918b,singularity,scottie2haute,320,1,N/A,Neutral,N/A,
np8sidn,singularity,kaityl3,320,1,N/A,Neutral,N/A,
npai4o2,singularity,Which_Trust_8107,10,1,chatgpt,Neutral,Product Gap,
np9qcw6,singularity,Fluid-Routine-8838,72,2,chatgpt,Neutral,N/A,
npa28cj,singularity,tenacity1028,72,1,chatgpt,Positive,N/A,
np5cc7a,singularity,berzerkerCrush,190,45,N/A,Negative,Other,
np8ucm4,singularity,truecakesnake,190,17,bias,Neutral,N/A,
np5y50w,singularity,PwanaZana,251,11,chatgpt,Neutral,N/A,
np829ij,singularity,acbagel,251,3,chatgpt,Neutral,N/A,
np6ymzo,singularity,PandaCheese2016,251,-6,chatgpt,Negative,N/A,
np5uxkf,singularity,Halbaras,251,18,deepseek,Positive,N/A,
np4k27l,singularity,IcelandicMammoth,79,16,grok,Negative,Accuracy/Hallucination,
np4tw85,singularity,Critical_Lemon3563,79,3,grok,Neutral,N/A,
np71tzv,singularity,BriefImplement9843,79,1,grok,Neutral,N/A,
npato7x,artificial,mesamaryk,2,1,issue,Negative,Technical Issue,
np9dg7f,artificial,new_old_trash,7,1,chatgpt,Neutral,Data Privacy,
np920wu,artificial,misbehavingwolf,7,2,chatgpt,Negative,Data Privacy,
np9pcas,artificial,cartoon_violence,5,1,gemini,Positive,N/A,
np9w9hd,artificial,civfan0908,7,0,chatgpt,Negative,Product Gap,
np97vkn,artificial,SLAMMERisONLINE,7,1,deepseek,Positive,N/A,
np9w8zx,artificial,Blue_Aces,7,0,claude,Negative,Censorship,
np626nk,artificial,Disastrous_Look_1745,6,1,gemini,Positive,N/A,
npa3a4u,artificial,colinwheeler,0,1,chatgpt,Neutral,Other,
npa3veq,artificial,ethangomezmedium,0,1,N/A,Neutral,N/A,
np8pe5l,artificial,CanvasFanatic,0,7,claude,Negative,Cost/Access,
no4x3mh,LocalLLaMA,Billy_Bowlegs,583,41,chatgpt,Negative,Product Gap,
no4tgt2,LocalLLaMA,ffgg333,583,35,grok,Negative,Accuracy/Hallucination,
no4jrsf,LocalLLaMA,vitvamer,583,29,claude,Negative,Cost/Access,
no4kmim,LocalLLaMA,reallydfun,583,20,issue,Negative,Data Privacy,
no4x0xi,LocalLLaMA,fourDnet,583,9,gemini,Negative,Product Gap,
no4oz4b,LocalLLaMA,Dry-Professional1379,583,7,deepseek,Neutral,Technical Issue,
no4lfod,LocalLLaMA,Separate_Hope5953,583,6,deepseek,Neutral,N/A,
no4w7ys,LocalLLaMA,fourDnet,583,4,hallucination,Negative,Accuracy/Hallucination,
no4oc0t,LocalLLaMA,sarfrazkhan1,583,3,claude,Neutral,Product Gap,
no4my62,LocalLLaMA,Local_Youth_882,583,2,claude,Neutral,Product Gap,
no4tcoh,LocalLLaMA,qvanto00,583,2,chatgpt,Positive,N/A,
no4tw4q,LocalLLaMA,diff2,583,2,deepseek,Neutral,N/A,
no4zpxp,LocalLLaMA,Other_Housing8453,583,2,N/A,Neutral,Technical Issue,
no4sx39,LocalLLaMA,nuclearbananana,583,1,issue,Neutral,Woke/Bias,
no4u5n4,LocalLLaMA,annakhouri2150,583,1,deepseek,Negative,Technical Issue,
no4x1qf,LocalLLaMA,Theio666,583,1,claude,Negative,Product Gap,
no4zxfo,LocalLLaMA,vincentz42,583,1,chatgpt,Negative,Technical Issue,
no5bwfx,LocalLLaMA,ExaminationNo8522,583,1,hallucination,Neutral,Accuracy/Hallucination,
no5n1o5,LocalLLaMA,Charuru,583,1,Technical Issue,Negative,Technical Issue,
no68mwo,LocalLLaMA,Linker-123,583,1,deepseek,Neutral,Cost/Access,
no6px6z,LocalLLaMA,lemon07r,583,1,claude,Negative,Cost/Access,
no6r9q2,LocalLLaMA,notdba,583,1,N/A,Neutral,Technical Issue,
no8jy00,LocalLLaMA,Competitive-Prune349,583,1,deepseek,Positive,N/A,
noaobp8,LocalLLaMA,Haziq47,583,1,gemini,Negative,Cost/Access,
no4k0b9,LocalLLaMA,Bingdundun10,583,-7,deepseek,Neutral,N/A,
no4zupc,LocalLLaMA,ComfortableAsk4494,583,40,censored,Neutral,Censorship,
no50i46,LocalLLaMA,zxytim,583,17,too expensive,Negative,Cost/Access,
no6ng4t,LocalLLaMA,Mkengine,583,14,gemini,Negative,Woke/Bias,
no57885,LocalLLaMA,vitvamer,583,9,claude,Negative,Cost/Access,
no6pu5w,LocalLLaMA,lemon07r,583,1,claude,Negative,Cost/Access,
no53tid,LocalLLaMA,whenhellfreezes,583,1,deepseek,Neutral,Product Gap,
nogv1dn,LocalLLaMA,Dead_Internet_Theory,583,1,gemini,Negative,Woke/Bias,
no6v8uj,LocalLLaMA,neotorama,583,1,Technical Issue,Negative,Technical Issue,
no76ebr,LocalLLaMA,lahwran_,583,2,grok,Neutral,N/A,
no86qvd,LocalLLaMA,lemon07r,583,1,N/A,Neutral,N/A,
n8mnnfg,LocalLLaMA,FullOf_Bad_Ideas,88,2,N/A,Neutral,N/A,
np9t3xu,LocalLLaMA,SrijSriv211,224,25,chatgpt,Negative,Accuracy/Hallucination,
npaf3bw,LocalLLaMA,rm-rf-rm,224,0,chatgpt,Neutral,N/A,
np6tba6,LocalLLaMA,Cool-Chemical-5629,2110,120,unbiased,Positive,Censorship,
np6hy2j,LocalLLaMA,Cool-Chemical-5629,2110,3,N/A,Neutral,N/A,
np6wvd2,LocalLLaMA,zhambe,2110,3,claude,Neutral,Technical Issue,
np8bw8w,LocalLLaMA,shroddy,2110,2,N/A,Neutral,Technical Issue,
np8ethl,LocalLLaMA,CondiMesmer,2110,2,unbiased,Neutral,Censorship,
np9etft,LocalLLaMA,TheRealMasonMac,2110,2,hallucination,Neutral,Accuracy/Hallucination,
npa7en1,LocalLLaMA,Annemon12,2110,2,unbiased,Positive,Technical Issue,
npa35s9,LocalLLaMA,IngwiePhoenix,2110,1,unbiased,Neutral,Product Gap,
np5dgon,LocalLLaMA,AppearanceHeavy6724,2110,-13,perplexity,Negative,Other,
np5e36u,LocalLLaMA,Annemon12,2110,-11,Product Gap,Positive,Product Gap,
np6gklk,LocalLLaMA,tiffanytrashcan,2110,16,unbiased,Negative,Woke/Bias,
np8xvxa,LocalLLaMA,73tada,2110,5,claude,Neutral,N/A,
np8txkh,LocalLLaMA,my_name_isnt_clever,2110,2,N/A,Neutral,N/A,
np6p2a9,LocalLLaMA,Pentium95,2110,11,unbiased,Neutral,N/A,
npa3rgb,LocalLLaMA,-p-e-w-,2110,3,issue,Neutral,Technical Issue,
npa3x5s,LocalLLaMA,-p-e-w-,2110,3,unbiased,Neutral,N/A,
np93c2n,LocalLLaMA,-p-e-w-,2110,1,N/A,Negative,Product Gap,
np5ero7,LocalLLaMA,-p-e-w-,2110,24,perplexity,Neutral,N/A,
np5cnbr,LocalLLaMA,-p-e-w-,2110,17,unbiased,Neutral,Product Gap,
np71w1z,LocalLLaMA,Cool-Chemical-5629,2110,19,chatgpt,Positive,Accuracy/Hallucination,
np5f3mf,LocalLLaMA,AppearanceHeavy6724,2110,-4,perplexity,Negative,Other,
np6n3db,LocalLLaMA,Small-Fall-6500,2110,1,N/A,Neutral,N/A,
np5m57h,LocalLLaMA,-p-e-w-,2110,21,N/A,Neutral,N/A,
np8smyh,LocalLLaMA,my_name_isnt_clever,2110,3,Cost/Access,Neutral,Cost/Access,
np5ovud,LocalLLaMA,-p-e-w-,2110,4,unbiased,Neutral,N/A,
np5wnva,LocalLLaMA,Electronic-Metal2391,2110,2,N/A,Neutral,Technical Issue,
np5q0k1,LocalLLaMA,noctrex,2110,2,censored,Negative,Censorship,
np8e8vu,LocalLLaMA,IORelay,182,1,too expensive,Negative,Cost/Access,
npaj0ma,LocalLLaMA,Pentium95,51,1,issue,Neutral,Product Gap,
np8y2l7,LocalLLaMA,Such_Advantage_6949,27,7,N/A,Negative,N/A,
np94tqk,LocalLLaMA,ubrtnk,27,2,chatgpt,Neutral,N/A,
np82f87,LocalLLaMA,TheSpicyBoi123,51,3,N/A,Negative,Technical Issue,
np83dhg,LocalLLaMA,cookinwitdiesel,51,3,N/A,Neutral,Technical Issue,
np8dnl1,LocalLLaMA,Marksta,51,1,N/A,Neutral,Technical Issue,
np84t9g,LocalLLaMA,TheSpicyBoi123,51,2,N/A,Neutral,Technical Issue,
np86lj5,LocalLLaMA,cookinwitdiesel,51,2,N/A,Neutral,Technical Issue,
np87nk6,LocalLLaMA,TheSpicyBoi123,51,1,N/A,Neutral,N/A,
np9ajj8,LocalLLaMA,Witty_Mycologist_995,144,2,unbiased,Neutral,Censorship,
np7v5rz,LocalLLaMA,ttkciar,41,34,gemini,Neutral,N/A,
np8q7ou,LocalLLaMA,Benipe89,41,6,deepseek,Positive,N/A,
np8678w,LocalLLaMA,No-Fig-8614,41,5,deepseek,Positive,N/A,
np9ta11,LocalLLaMA,Lissanro,41,1,deepseek,Negative,Technical Issue,
np9jld7,LocalLLaMA,Neither-Phone-7264,41,6,gemini,Neutral,N/A,
nkvo4eg,perplexity_ai,MaybeLiterally,2349,299,perplexity,Neutral,N/A,
nkwfv6b,perplexity_ai,Excellent_Mouse517,2349,18,perplexity,Negative,Accuracy/Hallucination,
nkvzmfy,perplexity_ai,jimbrig2011,2349,19,perplexity,Negative,Data Privacy,
nkvo9k3,perplexity_ai,Deep_Sugar_6467,2349,29,perplexity,Neutral,Data Privacy,
nkvnu12,perplexity_ai,LittlePooky,2349,40,perplexity,Positive,N/A,
nkvu50z,perplexity_ai,Beneficial-Visual790,2349,24,perplexity,Negative,Cost/Access,
nkxuoiq,perplexity_ai,Wickywire,2349,5,perplexity,Positive,N/A,
nkw7t5i,perplexity_ai,sersomeone,2349,9,perplexity,Positive,Other,
nkwapuc,perplexity_ai,Wanky_Danky_Pae,2349,3,perplexity,Positive,Other,
nkwn2e1,perplexity_ai,Efficient-77,2349,3,perplexity,Negative,Data Privacy,
nkyah67,perplexity_ai,Revolutionary-Hippo1,2349,3,perplexity,Negative,Data Privacy,
nkvpnlr,perplexity_ai,RedditishardLeft,2349,6,perplexity,Neutral,N/A,
nkvsoc7,perplexity_ai,PuckedFanda,2349,6,perplexity,Positive,N/A,
nkw6edb,perplexity_ai,Jourkerson92,2349,2,perplexity,Positive,Data Privacy,
nkwdjd0,perplexity_ai,LastDefenseAcademy,2349,2,perplexity,Negative,Other,
nkwhsfr,perplexity_ai,GotMeWrong,2349,2,perplexity,Negative,Cost/Access,
nkwj977,perplexity_ai,Derek880,2349,2,perplexity,Positive,N/A,
nkzw638,perplexity_ai,RM820119,2349,2,perplexity,Positive,N/A,
nkzwix4,perplexity_ai,silvio6,2349,2,perplexity,Negative,Cost/Access,
nkvz98j,perplexity_ai,Titanium-Marshmallow,2349,4,perplexity,Negative,Other,
nkvx40e,perplexity_ai,Molotovgod,2349,4,chatgpt,Negative,Accuracy/Hallucination,
nkw2edh,perplexity_ai,rivelleXIV,2349,4,perplexity,Positive,N/A,
nkwq9fz,perplexity_ai,I_can_vouch_for_that,2349,1,perplexity,Neutral,N/A,
nkwt2jk,perplexity_ai,Coverartsandshit,2349,1,perplexity,Positive,N/A,
nkwvwe9,perplexity_ai,guuidx,2349,1,perplexity,Positive,N/A,
nkwxp28,perplexity_ai,_x_oOo_x_,2349,1,perplexity,Positive,N/A,
nkx1bk3,perplexity_ai,goodsignal,2349,1,perplexity,Positive,N/A,
nkx3e0d,perplexity_ai,Ill_Philosopher9421,2349,1,perplexity,Positive,N/A,
nkx552x,perplexity_ai,NearbyFlounder81,2349,1,perplexity,Negative,Other,
nkz8l23,perplexity_ai,0-xv-0,2349,1,perplexity,Neutral,N/A,
nkzd5pg,perplexity_ai,shubh0307,2349,1,deepseek,Negative,Other,
nkzdegq,perplexity_ai,Cpt_Fupa,2349,1,perplexity,Negative,Cost/Access,
nkzrfug,perplexity_ai,BillionnaireApeClub,2349,1,perplexity,Positive,N/A,
nl06qw7,perplexity_ai,Rifadm,2349,1,perplexity,Positive,N/A,
nl1i95k,perplexity_ai,InfluenceTemporary36,2349,1,perplexity,Negative,Other,
nl21h07,perplexity_ai,realmisanthrope,2349,1,perplexity,Negative,Data Privacy,
nl297nb,perplexity_ai,markh110,2349,1,perplexity,Neutral,N/A,
nl2g19g,perplexity_ai,Fearceyy,2349,1,claude,Negative,Data Privacy,
nl3kva0,perplexity_ai,spgreenwood,2349,1,perplexity,Negative,Cost/Access,
nl4369c,perplexity_ai,snailofahuman,2349,1,perplexity,Negative,Data Privacy,
nl4ewao,perplexity_ai,brotha_eric,2349,1,perplexity,Negative,Data Privacy,
nl50oax,perplexity_ai,Str1der1,2349,1,perplexity,Positive,N/A,
nl7wpat,perplexity_ai,Fullmetalx117,2349,1,perplexity,Neutral,Product Gap,
nlaxgf6,perplexity_ai,Shot-Pen-3061,2349,1,perplexity,Positive,N/A,
nlazstz,perplexity_ai,Shot-Pen-3061,2349,1,N/A,Neutral,Other,
nlvnbqe,perplexity_ai,cocococopuffs,2349,1,perplexity,Negative,Cost/Access,
nmcvh40,perplexity_ai,[deleted_user],2349,1,perplexity,Positive,N/A,
noqksem,perplexity_ai,theempress0724,2349,1,perplexity,Neutral,N/A,
nkw6qp3,perplexity_ai,gurteshwar,2349,1,perplexity,Positive,N/A,
nkwa9xs,perplexity_ai,ilgrillo,2349,1,perplexity,Negative,Cost/Access,
nkxdqi5,perplexity_ai,dClauzel,2349,1,perplexity,Neutral,Data Privacy,
nky03os,perplexity_ai,Matempo,2349,1,perplexity,Negative,Data Privacy,
nkzkxd9,perplexity_ai,thebiggercat,2349,1,perplexity,Negative,Other,
nkw4jmc,perplexity_ai,pieandablowie,2349,0,perplexity,Negative,Accuracy/Hallucination,
nkw6rlo,perplexity_ai,alien-voice,2349,0,perplexity,Negative,Other,
nkw0xsh,perplexity_ai,terkistan,2349,0,perplexity,Neutral,Data Privacy,
nky5xdx,perplexity_ai,pixelm_advance,2349,0,perplexity,Negative,Cost/Access,
nkycygr,perplexity_ai,AMCstronk4life,2349,0,perplexity,Positive,N/A,
nl6y1hc,perplexity_ai,danielrgfm,2349,0,perplexity,Neutral,Data Privacy,
nkvy3nl,perplexity_ai,that_90s_guy,2349,119,perplexity,Negative,Data Privacy,
nl3fmmz,perplexity_ai,Longjumping_Kale3013,2349,6,perplexity,Negative,Data Privacy,
nkvqi84,perplexity_ai,DnyLnd,2349,11,chatgpt,Neutral,Cost/Access,
nky7s26,perplexity_ai,pixelm_advance,2349,3,perplexity,Neutral,Data Privacy,
nm6tlq8,perplexity_ai,jess_ismore,2349,0,perplexity,Neutral,Data Privacy,
nkvqrcw,perplexity_ai,Bil_Wi_theScience_Fi,2349,-2,perplexity,Negative,Accuracy/Hallucination,
nl3fqqk,perplexity_ai,Longjumping_Kale3013,2349,1,perplexity,Negative,Data Privacy,
nkw27un,perplexity_ai,that_90s_guy,2349,7,N/A,Neutral,Data Privacy,
nln8lkw,perplexity_ai,SpadeTippedSplendor,2349,1,N/A,Negative,Data Privacy,
nl822im,perplexity_ai,erin_916,2349,1,perplexity,Neutral,Data Privacy,
nl3g0f3,perplexity_ai,Longjumping_Kale3013,2349,1,perplexity,Negative,Data Privacy,
nl66856,perplexity_ai,Aware-Criticism1547,2349,1,perplexity,Neutral,Data Privacy,
nl7wsla,perplexity_ai,Fullmetalx117,2349,1,perplexity,Negative,Other,
nkyx584,perplexity_ai,philosophical_lens,2349,31,perplexity,Positive,N/A,
nkx34k6,perplexity_ai,Delirium_Sidhe,2349,19,perplexity,Neutral,Data Privacy,
nkynhsn,perplexity_ai,iaresosmart,2349,20,perplexity,Positive,N/A,
nkylilr,perplexity_ai,Dentedaphid7,2349,3,perplexity,Positive,N/A,
nl3ealc,perplexity_ai,TROPtastic,2349,2,perplexity,Negative,Product Gap,
nlo1mio,perplexity_ai,midwestcsstudent,2349,1,perplexity,Neutral,N/A,
nkzbi71,perplexity_ai,jimbrig2011,2349,5,perplexity,Neutral,Data Privacy,
nkvugbx,perplexity_ai,L3P3ch3,2349,14,perplexity,Positive,N/A,
nkvr2q3,perplexity_ai,LittlePooky,2349,13,perplexity,Positive,N/A,
nl6z9is,perplexity_ai,sbenfsonwFFiF,2349,2,perplexity,Neutral,N/A,
nl0kxnw,perplexity_ai,octobersoon,2349,1,perplexity,Neutral,N/A,
nl0ykf1,perplexity_ai,jenn4u2luv,2349,1,perplexity,Positive,N/A,
nkvrwoa,perplexity_ai,LittlePooky,2349,15,perplexity,Positive,N/A,
nkw9ke6,perplexity_ai,SnooSeagulls257,2349,2,perplexity,Negative,Data Privacy,
nkwgiio,perplexity_ai,RedditishardLeft,2349,1,perplexity,Negative,Other,
nkzboi0,perplexity_ai,that_90s_guy,2349,11,perplexity,Negative,Data Privacy,
nkz62f0,perplexity_ai,djeaton,2349,6,perplexity,Positive,N/A,
nl0fpqq,perplexity_ai,gringovato,2349,2,perplexity,Neutral,Data Privacy,
nl3f1nw,perplexity_ai,TROPtastic,2349,1,perplexity,Negative,Data Privacy,
nlh35ay,perplexity_ai,Binkkdoesstuff,2349,1,perplexity,Positive,Other,
nm6suhy,perplexity_ai,jess_ismore,2349,1,perplexity,Negative,Data Privacy,
nl0ka17,perplexity_ai,maigpy,2349,0,perplexity,Neutral,Data Privacy,
nkvzwdv,perplexity_ai,LittlePooky,2349,2,perplexity,Positive,N/A,
nky8gk9,perplexity_ai,Few_Regret5282,2349,1,perplexity,Positive,Speed,
nl2sygs,perplexity_ai,waterytartwithasword,2349,1,claude,Neutral,Product Gap,
nkx15h2,perplexity_ai,_x_oOo_x_,2349,4,claude,Positive,N/A,
nkwxxmk,perplexity_ai,slptodrm,2349,1,N/A,Negative,Data Privacy,
nkwquoh,perplexity_ai,az226,2349,3,perplexity,Neutral,Data Privacy,
nl0g7qt,perplexity_ai,Yoodae3o,2349,9,N/A,Neutral,Other,
nl1ir0g,perplexity_ai,Silent_Conflict9420,2349,6,perplexity,Positive,N/A,
nlfqx6k,perplexity_ai,Professional_Ad_975,2349,1,perplexity,Negative,Other,
nl0u6t3,perplexity_ai,jimbrig2011,2349,1,N/A,Neutral,N/A,
nl0xkno,perplexity_ai,jimbrig2011,2349,1,perplexity,Positive,N/A,
nl2ta19,perplexity_ai,waterytartwithasword,2349,2,claude,Negative,Product Gap,
nkx58sb,perplexity_ai,fluffyponyza,2349,7,grok,Neutral,N/A,
nkwwccx,perplexity_ai,Asspieburgers,2349,3,chatgpt,Neutral,N/A,
nkx5jmx,perplexity_ai,mathakoot,2349,2,perplexity,Negative,Cost/Access,
nl1n8sl,perplexity_ai,that_90s_guy,2349,1,perplexity,Negative,Product Gap,
nlfr1c9,perplexity_ai,No-Comparison8472,2349,1,perplexity,Negative,Product Gap,
nl41l3e,perplexity_ai,SHS1955,2349,0,N/A,Neutral,N/A,
nl6vz6r,perplexity_ai,pixelm_advance,2349,1,claude,Neutral,N/A,
nkxatmx,perplexity_ai,Janzu93,2349,1,perplexity,Neutral,Data Privacy,
ng9qt8k,perplexity_ai,AccomplishedBoss7738,237,3,perplexity,Negative,Product Gap,
ng6rdbb,perplexity_ai,Kesku9302,237,9,"perplexity, cursor, claude",Positive,N/A,
nga5e1y,perplexity_ai,bender_84,237,4,perplexity,Neutral,N/A,
nguudxc,perplexity_ai,Kesku9302,237,1,"perplexity, cursor, claude",Positive,N/A,
ngjcv2l,perplexity_ai,cryptobrant,237,3,N/A,Neutral,N/A,
np7wb5k,perplexity_ai,Dealsguru99,34,22,chatgpt,Negative,Product Gap,
np79ez0,perplexity_ai,nightman,34,38,perplexity,Neutral,Cost/Access,
np7kp04,perplexity_ai,Fuzzy-Chef,34,6,"claude, chatgpt",Negative,Speed,
np7n8p3,perplexity_ai,Hellozsoza,34,7,N/A,Negative,Technical Issue,
np7n7rc,perplexity_ai,GuessUsers,34,6,perplexity,Positive,N/A,
np7uphm,perplexity_ai,RobertR7,34,9,"perplexity, gemini",Positive,N/A,
np7hdho,perplexity_ai,Repulsive-Ad-1393,34,8,"claude, chatgpt, perplexity",Neutral,Cost/Access,
np8bt3x,perplexity_ai,Grosjeaner,34,2,"perplexity, grok, hallucination",Negative,Accuracy/Hallucination,
np91h5k,perplexity_ai,LengthyLegato114514,34,1,"claude, chatgpt",Neutral,N/A,
npa20ce,perplexity_ai,Latest_Education,34,1,perplexity,Positive,N/A,
np7djtq,perplexity_ai,AlexH1337,34,0,"perplexity, gemini",Negative,Cost/Access,
np7w00p,perplexity_ai,Diamond_Mine0,34,0,"grok, perplexity",Positive,Product Gap,
np752wl,perplexity_ai,Kristof77,34,-4,gemini,Neutral,N/A,
npa9gve,perplexity_ai,f1l4,34,1,perplexity,Neutral,Other,
np9avi4,perplexity_ai,meh_Technology_9801,34,2,"chatgpt, claude",Negative,Cost/Access,
np88qi9,perplexity_ai,Jourkerson92,34,0,"claude, perplexity",Negative,Technical Issue,
np97q37,perplexity_ai,moosepuggle,34,2,perplexity,Positive,Product Gap,
npaiavt,perplexity_ai,titiwuts,34,1,"claude, perplexity, grok, gemini, chatgpt",Positive,N/A,
np8mfa1,perplexity_ai,Torodaddy,34,2,gemini,Negative,Accuracy/Hallucination,
np767o1,perplexity_ai,Nayko93,34,-5,perplexity,Neutral,Cost/Access,
np771gz,perplexity_ai,Nayko93,34,0,perplexity,Neutral,Product Gap,
np7rpoy,perplexity_ai,cryptobrant,34,6,"perplexity, claude",Positive,N/A,
np8os02,perplexity_ai,AlexH1337,34,4,"perplexity, chatgpt, gemini, claude",Negative,Technical Issue,
npacwix,perplexity_ai,Kristof77,34,1,perplexity,Positive,N/A,
npawes2,perplexity_ai,Due_Mouse8946,34,1,perplexity,Negative,Accuracy/Hallucination,
np78nnj,perplexity_ai,beyondfear,34,7,"perplexity, gemini",Positive,N/A,
np4bycu,perplexity_ai,MrReginaldAwesome,48,62,perplexity,Neutral,N/A,
np50u4j,perplexity_ai,Nayko93,48,27,"perplexity, claude, chatgpt, gemini, grok, issue",Negative,Technical Issue,
np5egrq,perplexity_ai,simcitysavage,48,25,perplexity,Neutral,Other,
np5gfft,perplexity_ai,matt_hipntechy,48,6,"perplexity, chatgpt",Neutral,Cost/Access,
np4qqwc,perplexity_ai,Few_Caregiver8134,48,8,"claude, chatgpt, gemini, perplexity",Negative,Cost/Access,
np6maeq,perplexity_ai,josemartinlopez,48,5,"perplexity, chatgpt",Negative,Accuracy/Hallucination,
np4k0ay,perplexity_ai,_x_oOo_x_,48,8,perplexity,Negative,Other,
np7vm4y,perplexity_ai,KrazyKwant,48,2,perplexity,Positive,N/A,
np5723x,perplexity_ai,the-hundredth-idiot,48,3,perplexity,Negative,Censorship,
np5r71t,perplexity_ai,kholdstayr,48,2,perplexity,Neutral,N/A,
np62o7q,perplexity_ai,borntobenaked,48,2,gemini,Neutral,Product Gap,
np4bsm3,perplexity_ai,Diamond_Mine0,48,2,"grok, perplexity, claude",Positive,Accuracy/Hallucination,
np625ud,perplexity_ai,kmtnck,48,1,perplexity,Positive,N/A,
np6v7h7,perplexity_ai,ClubEvermore,48,1,chatgpt,Neutral,N/A,
np7deuo,perplexity_ai,Turtle2k,48,1,perplexity,Negative,Cost/Access,
np7nzql,perplexity_ai,YoyoNarwhal,48,1,censored,Negative,Censorship,
np7sjkf,perplexity_ai,Legitimate-Account34,48,1,perplexity,Neutral,N/A,
np90yl6,perplexity_ai,Stromkraft,48,1,perplexity,Neutral,Accuracy/Hallucination,
np97ws1,perplexity_ai,PracticalBilliet3245,48,1,perplexity,Negative,Technical Issue,
np9dws7,perplexity_ai,QuirkyGlove7,48,1,perplexity,Positive,Speed,
np9egvu,perplexity_ai,GuitarAgitated8107,48,1,perplexity,Neutral,N/A,
np9l9sn,perplexity_ai,MELOFINANCE,48,1,grok,Neutral,Product Gap,
np9vinc,perplexity_ai,GuardianMajor,48,1,perplexity,Negative,Product Gap,
npa3om0,perplexity_ai,errorx86,48,1,hallucination,Negative,Accuracy/Hallucination,
np4iv8t,perplexity_ai,Kennyp0o,48,1,issue,Negative,Technical Issue,
np4zcwi,perplexity_ai,vAPIdTygr,48,1,perplexity,Negative,Technical Issue,
np5h67f,perplexity_ai,lbjazz,48,0,perplexity,Negative,Woke/Bias,
np56vf8,perplexity_ai,johnbarreto1,48,-3,perplexity,Negative,Data Privacy,
np4wc3y,perplexity_ai,that_90s_guy,48,21,perplexity,Negative,Cost/Access,
np56mw0,perplexity_ai,InvestigatorLast3594,48,2,perplexity,Negative,Other,
np77wkg,perplexity_ai,Radiant_Addendum_48,48,2,perplexity,Negative,Accuracy/Hallucination,
np5qkvk,perplexity_ai,Visual-Finish14,48,2,chatgpt,Positive,N/A,
np85dh0,perplexity_ai,Future_Cell_4820,48,2,perplexity,Neutral,N/A,
np50qgl,perplexity_ai,Happym4n,48,7,perplexity,Negative,Accuracy/Hallucination,
np8q4a6,perplexity_ai,Apex_OS,48,3,perplexity,Negative,Product Gap,
np5sha9,perplexity_ai,Few_Caregiver8134,48,2,chatgpt,Negative,Product Gap,
np83877,perplexity_ai,BackgroundPipe4292,6,2,perplexity,Neutral,N/A,
np8a8lo,perplexity_ai,Project-Wraith,6,1,perplexity,Negative,Technical Issue,
np5wj0d,perplexity_ai,HourEffective1814,18,5,perplexity,Positive,N/A,
np75vnl,perplexity_ai,robogame_dev,8,3,cursor,Negative,Product Gap,
npan96u,perplexity_ai,freedomachiever,8,1,claude,Neutral,N/A,
np7tgnq,perplexity_ai,KneeIntelligent6382,8,1,perplexity,Negative,Accuracy/Hallucination,
np2x2dh,perplexity_ai,Infamous_Research_43,145,9,perplexity,Neutral,Cost/Access,
np7om0r,perplexity_ai,Hellozsoza,145,2,perplexity,Negative,Cost/Access,
np26sdt,perplexity_ai,YoyoNarwhal,145,3,too expensive,Negative,Cost/Access,
np73zee,perplexity_ai,BYRN777,145,0,perplexity,Neutral,Technical Issue,
np20p2t,perplexity_ai,StrongBladder,145,68,perplexity,Negative,Cost/Access,
np7drdj,perplexity_ai,AljoGOAT,145,3,perplexity,Negative,Other,
np43uxv,perplexity_ai,Kwlotripidas,145,2,perplexity,Negative,Cost/Access,
np74i5d,perplexity_ai,BYRN777,145,3,perplexity,Negative,Technical Issue,
np7p6qa,perplexity_ai,YoyoNarwhal,145,2,censored,Negative,Censorship,
np8b0ud,perplexity_ai,Round_Ad_5832,1,1,perplexity,Positive,N/A,
np7b5fd,perplexity_ai,frettbe,3,4,claude,Neutral,N/A,
np85ssa,perplexity_ai,BackgroundPipe4292,0,3,perplexity,Neutral,Technical Issue,
np9migr,perplexity_ai,Cute_witchbitch,0,2,perplexity,Negative,Accuracy/Hallucination,
np8br7x,perplexity_ai,BackgroundPipe4292,0,3,perplexity,Neutral,N/A,
np2nsmf,perplexity_ai,JalananFreak,18,11,claude,Positive,N/A,
np35ykj,perplexity_ai,JobWhisperer_Yoda,18,4,gemini,Positive,N/A,
np2tg4w,perplexity_ai,RedditishardLeft,18,3,claude,Positive,N/A,
np3ml2g,perplexity_ai,robogame_dev,18,3,perplexity,Positive,Accuracy/Hallucination,
np4hoaz,perplexity_ai,cryptobrant,18,2,chatgpt,Positive,N/A,
np4mzvr,perplexity_ai,Royal-You-8754,18,2,claude,Neutral,N/A,
np512ve,perplexity_ai,that_90s_guy,18,2,hallucination,Neutral,Accuracy/Hallucination,
np2o15g,perplexity_ai,Enven_,18,2,perplexity,Neutral,Product Gap,
np46qdw,perplexity_ai,Parking_Leg_9551,18,1,claude,Neutral,N/A,
np45b00,perplexity_ai,Parking_Leg_9551,18,1,chatgpt,Negative,Speed,
np8byc0,perplexity_ai,JBond-007_,18,1,chatgpt,Negative,Other,
np4ka7w,perplexity_ai,Parking_Leg_9551,18,2,chatgpt,Negative,Speed,
np4l2x9,perplexity_ai,Parking_Leg_9551,18,1,gemini,Neutral,N/A,
np64zja,perplexity_ai,Parking_Leg_9551,18,2,gemini,Positive,Product Gap,
np48714,perplexity_ai,SafeDoctorAR,18,2,perplexity,Positive,N/A,
np45te8,perplexity_ai,Parking_Leg_9551,18,1,perplexity,Neutral,Product Gap,
np566wq,perplexity_ai,cryptobrant,18,2,gemini,Positive,Speed,
np53ozg,perplexity_ai,cryptobrant,18,2,perplexity,Neutral,N/A,
np66fwt,perplexity_ai,Parking_Leg_9551,18,2,gemini,Positive,Product Gap,
nom94ot,ClaudeAI,Big_Presentation2786,0,15,claude,Negative,Cost/Access,
nomh3nr,ClaudeAI,cofonseca,0,11,claude,Negative,Cost/Access,
nowi7w2,ClaudeAI,medmihaly,0,9,claude,Negative,Technical Issue,
nomhkkj,ClaudeAI,SnooSquirrels5535,0,8,claude,Negative,Cost/Access,
nomttzx,ClaudeAI,Fuficek49,0,8,claude,Negative,Cost/Access,
nowroi9,ClaudeAI,Escarlatilla,0,7,claude,Negative,Technical Issue,
nomh0v3,ClaudeAI,SeaweedNo69,0,6,claude,Negative,Technical Issue,
nono9t1,ClaudeAI,One-Advice2280,0,7,claude,Negative,Cost/Access,
nop4kuo,ClaudeAI,realkrava,0,6,claude,Negative,Cost/Access,
nom1kgz,ClaudeAI,Emergency_Lime2177,0,6,issue,Negative,Cost/Access,
nopohsx,ClaudeAI,Sweet_Thorns,0,6,claude,Negative,Cost/Access,
notj9xy,ClaudeAI,farox,0,5,claude,Negative,Technical Issue,
now0m9k,ClaudeAI,programmingstarter,0,6,claude,Negative,Cost/Access,
np0s96q,ClaudeAI,redgoldfilm,0,5,claude,Negative,Cost/Access,
non0p8m,ClaudeAI,Abed-is-here,0,5,claude,Negative,Cost/Access,
nonax7q,ClaudeAI,W_32_FRH,0,5,claude,Negative,Accuracy/Hallucination,
noryozk,ClaudeAI,Obvious_Yellow_5795,0,5,claude,Negative,Speed,
nostkrd,ClaudeAI,Veilor,0,5,claude,Negative,Cost/Access,
notqzj7,ClaudeAI,zrockett,0,5,claude,Negative,Speed,
nomhuov,ClaudeAI,Pretty-Resolve-818,0,4,claude,Negative,Technical Issue,
nopyzhs,ClaudeAI,venus_flytraps,0,5,claude,Negative,Product Gap,
nosduej,ClaudeAI,Lloigo,0,4,claude,Neutral,Cost/Access,
novc2d9,ClaudeAI,Flat_Excitement_6090,0,5,claude,Negative,Cost/Access,
novr12d,ClaudeAI,andybandy88,0,4,claude,Negative,Speed,
nowfd8e,ClaudeAI,Popular-Brother-9368,0,3,claude,Neutral,Product Gap,
nowt46a,ClaudeAI,Cheap-Try-8796,0,4,claude,Negative,Cost/Access,
nowws7u,ClaudeAI,Brilliant-Escape-466,0,4,hallucination,Negative,Accuracy/Hallucination,
noypq2x,ClaudeAI,the_sea_tiger,0,5,claude,Negative,Cost/Access,
nozgdsj,ClaudeAI,kaolay,0,4,claude,Negative,Technical Issue,
noorbc8,ClaudeAI,Just_Lingonberry_352,0,3,claude,Negative,Technical Issue,
norf8l0,ClaudeAI,neksys,0,3,claude,Negative,Speed,
noszo0h,ClaudeAI,bujjuk,0,3,claude,Neutral,Cost/Access,
notmx6g,ClaudeAI,IllustriousWorld823,0,3,claude,Negative,Technical Issue,
now0rii,ClaudeAI,W_32_FRH,0,3,claude,Negative,Product Gap,
now5j3t,ClaudeAI,W_32_FRH,0,3,claude,Negative,Technical Issue,
noxj90a,ClaudeAI,Middle-Carob8115,0,3,claude,Negative,Cost/Access,
noy1sa5,ClaudeAI,1000punchman,0,3,claude,Negative,Technical Issue,
nozlpgh,ClaudeAI,MatrixClaw,0,3,claude,Negative,Cost/Access,
np09n54,ClaudeAI,wolfram_rule30,0,3,claude,Negative,Accuracy/Hallucination,
np1wo0f,ClaudeAI,rubycatts,0,3,claude,Negative,Technical Issue,
np1zgnw,ClaudeAI,kaolay,0,3,claude,Negative,Technical Issue,
nomfezg,ClaudeAI,stillfree_14,0,3,N/A,Negative,Other,
nowyag5,ClaudeAI,W_32_FRH,0,4,claude,Negative,Accuracy/Hallucination,
noma78n,ClaudeAI,paul_h,0,2,claude,Neutral,Technical Issue,
nomcfgj,ClaudeAI,Late-Photograph-1954,0,2,claude,Negative,Technical Issue,
nomk0sv,ClaudeAI,Derjyn,0,2,claude,Negative,Technical Issue,
non2t62,ClaudeAI,Gelbwurstmitgurke,0,2,claude,Negative,Technical Issue,
noo2uhx,ClaudeAI,Responsible_Snow,0,2,claude,Negative,Censorship,
noomf47,ClaudeAI,AdKey9405,0,2,claude,Negative,Cost/Access,
noonwnz,ClaudeAI,Ellipsoider,0,2,claude,Negative,Technical Issue,
noq0sjw,ClaudeAI,Official_JustJK,0,2,claude,Negative,Cost/Access,
noq48la,ClaudeAI,NoConclusion5355,0,2,claude,Negative,Technical Issue,
noq4opt,ClaudeAI,Albertossed,0,2,claude,Negative,Technical Issue,
nor7za2,ClaudeAI,Affectionate-Job8651,0,2,claude,Negative,Cost/Access,
nosbrqn,ClaudeAI,SirBoranium,0,2,claude,Negative,Product Gap,
noxzuba,ClaudeAI,VampireAllana,0,2,claude,Negative,Technical Issue,
noyexll,ClaudeAI,KennnyF1,0,2,claude,Negative,Cost/Access,
noynn08,ClaudeAI,EnthusiasmHealthy601,0,2,claude,Negative,Product Gap,
np0ib14,ClaudeAI,byme64,0,2,claude,Negative,Technical Issue,
np8aumh,ClaudeAI,gobigdj,0,2,claude,Negative,Accuracy/Hallucination,
np8dm2f,ClaudeAI,chungyeung,0,2,claude,Negative,Accuracy/Hallucination,
npaiwbw,ClaudeAI,nycsavage,0,2,claude,Negative,Cost/Access,
noyqtoe,ClaudeAI,the_sea_tiger,0,3,claude,Negative,Other,
nomx19x,ClaudeAI,the_sea_tiger,0,1,claude,Negative,Accuracy/Hallucination,
nomz0iw,ClaudeAI,MightBeMelinoe,0,1,claude,Neutral,Cost/Access,
noxkjkw,ClaudeAI,Major-Gur3854,0,1,claude,Negative,Cost/Access,
np2j7ee,ClaudeAI,W_32_FRH,0,1,claude,Negative,Technical Issue,
np51tyq,ClaudeAI,modimusmaximus,0,1,claude,Negative,Technical Issue,
np7gw7i,ClaudeAI,gorliggs,0,1,claude,Neutral,Speed,
np7q9yq,ClaudeAI,ian2000,0,1,claude,Negative,Technical Issue,
np8mem9,ClaudeAI,No_Statistician_6862,0,1,claude,Positive,Cost/Access,
np9e02s,ClaudeAI,aspenrising,0,1,claude,Positive,N/A,
np9jcmf,ClaudeAI,Silly_West1806,0,1,claude,Negative,Speed,
npaqe50,ClaudeAI,Sidewinder_ISR,0,1,claude,Negative,Cost/Access,
not60t9,ClaudeAI,stoccolma,0,1,claude,Negative,Cost/Access,
nomqqbh,ClaudeAI,OtherwiseTwo8053,0,0,claude,Neutral,N/A,
nozidhj,ClaudeAI,Tx-Heat,0,1,N/A,Negative,Cost/Access,
non9kbx,ClaudeAI,Big_Presentation2786,0,2,claude,Negative,Cost/Access,
noni77c,ClaudeAI,No-Squash7469,0,2,N/A,Negative,Cost/Access,
nox7rll,ClaudeAI,CptBoomBoom,0,2,N/A,Negative,Technical Issue,
noww1pz,ClaudeAI,Brilliant-Escape-466,0,1,N/A,Negative,N/A,
now6vyq,ClaudeAI,Crazy-Bicycle7869,0,5,issue,Negative,Other,
np8hppd,ClaudeAI,chungyeung,0,1,claude,Neutral,Other,
nondirp,ClaudeAI,Crazy-Bicycle7869,0,4,claude,Negative,Cost/Access,
novpj11,ClaudeAI,andybandy88,0,2,N/A,Negative,Accuracy/Hallucination,
noyat9j,ClaudeAI,stillfree_14,0,1,claude,Negative,Cost/Access,
non28nr,ClaudeAI,its_senpai_luke,0,3,claude,Negative,Technical Issue,
non9qti,ClaudeAI,Background_Tip9866,0,2,claude,Negative,Technical Issue,
noqh1km,ClaudeAI,Derjyn,0,1,claude,Negative,Technical Issue,
noorrqa,ClaudeAI,Just_Lingonberry_352,0,3,claude,Negative,Product Gap,
np20bgm,ClaudeAI,medmihaly,0,1,gemini,Negative,Cost/Access,
np7ywza,ClaudeAI,Lost-Leek-3120,0,1,censored,Negative,Censorship,
np8q3q5,ClaudeAI,Lost-Leek-3120,0,1,claude,Negative,Cost/Access,
np21j68,ClaudeAI,programmingstarter,0,2,gemini,Neutral,N/A,
np9th0r,ClaudeAI,Simple_Armadillo_127,0,1,claude,Negative,Product Gap,
nor33a7,ClaudeAI,Crazy-Bicycle7869,0,3,claude,Negative,Product Gap,
np88pa4,ClaudeAI,Mental-Position-4533,0,2,claude,Positive,N/A,
novwx8g,ClaudeAI,lupin-the-third,120,17,claude,Negative,Speed,
novb6qi,ClaudeAI,bernieth,120,2,gemini,Neutral,Product Gap,
nov4gcc,ClaudeAI,ruloqs,120,3,deepseek,Neutral,N/A,
np1m79n,ClaudeAI,ProposalOrganic1043,120,1,N/A,Positive,N/A,
now650n,ClaudeAI,UnscriptedWorlds,120,0,gemini,Neutral,Accuracy/Hallucination,
noy2kg0,ClaudeAI,Axeltheone,120,1,claude,Neutral,N/A,
noy1ght,ClaudeAI,Axeltheone,120,3,claude,Positive,N/A,
noz89f2,ClaudeAI,UnscriptedWorlds,120,1,gemini,Negative,Accuracy/Hallucination,
noxvdb5,ClaudeAI,dashingsauce,120,1,N/A,Neutral,N/A,
np3vful,ClaudeAI,Axeltheone,120,1,claude,Neutral,N/A,
np8h5xl,ClaudeAI,mazty,366,69,claude,Neutral,Product Gap,
np8owpp,ClaudeAI,Bunnylove3047,366,5,claude,Positive,N/A,
np8xru9,ClaudeAI,psychometrixo,366,5,claude,Positive,N/A,
np8klda,ClaudeAI,shoe7525,366,3,unbiased,Neutral,Woke/Bias,
np8zbxw,ClaudeAI,rydout,366,3,claude,Neutral,N/A,
np9do51,ClaudeAI,etherend,366,3,claude,Negative,Woke/Bias,
np8g7u8,ClaudeAI,Aeoleon,366,7,claude,Positive,N/A,
np9289g,ClaudeAI,Cool-Hornet4434,366,2,claude,Neutral,N/A,
np9sbyn,ClaudeAI,ben_bliksem,366,2,claude,Neutral,N/A,
np9t3n1,ClaudeAI,vff,366,2,claude,Negative,Censorship,
npafc37,ClaudeAI,dragosroua,366,1,claude,Positive,N/A,
npaidu3,ClaudeAI,BrilliantEmotion4461,366,1,claude,Neutral,N/A,
npakymf,ClaudeAI,LostWafer8274,366,1,claude,Positive,N/A,
nparg90,ClaudeAI,JMpickles,366,1,claude,Neutral,N/A,
np8ledg,ClaudeAI,coloradical5280,366,0,claude,Negative,Woke/Bias,
np8zad3,ClaudeAI,Exoclyps,366,0,gemini,Positive,N/A,
np8mlrh,ClaudeAI,Hot_Original_966,366,0,claude,Positive,N/A,
np8rhik,ClaudeAI,IWorkForTheEnemyAMA,366,0,claude,Negative,Woke/Bias,
np9chg8,ClaudeAI,durable-racoon,366,0,claude,Negative,Accuracy/Hallucination,
np9wddm,ClaudeAI,WindowNo6601,366,0,claude,Neutral,Other,
npa5va2,ClaudeAI,Diligent-Builder7762,366,0,claude,Negative,Accuracy/Hallucination,
np9qhhr,ClaudeAI,Lost-Leek-3120,366,-1,issue,Negative,Woke/Bias,
np8vghx,ClaudeAI,Lucidaeus,366,1,chatgpt,Neutral,N/A,
np8p72p,ClaudeAI,gefahr,366,64,claude,Negative,Technical Issue,
np8p1zj,ClaudeAI,gefahr,366,23,claude,Neutral,N/A,
np8s5h5,ClaudeAI,Accomplished_Air_635,366,7,issue,Negative,Accuracy/Hallucination,
npajw6z,ClaudeAI,Historical-Lie9697,366,1,claude,Positive,N/A,
np8hkm8,ClaudeAI,Epic4Lyfe_,366,-1,claude,Negative,Woke/Bias,
np8o6xq,ClaudeAI,TwoPhotons,366,27,claude,Negative,Censorship,
np8uq2u,ClaudeAI,FjorgVanDerPlorg,366,26,claude,Negative,Woke/Bias,
np8zkwj,ClaudeAI,Violet2393,366,8,claude,Positive,N/A,
np8gprq,ClaudeAI,LastTenth,366,3,claude,Negative,Accuracy/Hallucination,
npa5co4,ClaudeAI,Violet2393,366,2,claude,Positive,Product Gap,
np8zuuq,ClaudeAI,derolle,366,17,claude,Neutral,N/A,
np93zvh,ClaudeAI,simoncpu,110,11,issue,Negative,Data Privacy,
np93o0o,ClaudeAI,BubblyExchange9887,110,13,claude,Positive,N/A,
np9jcjm,ClaudeAI,ben_bliksem,110,5,claude,Negative,Technical Issue,
np9fw56,ClaudeAI,avogeo98,110,4,claude,Neutral,Accuracy/Hallucination,
npae1yb,ClaudeAI,saito200,110,2,claude,Neutral,N/A,
np9rvmp,ClaudeAI,Ath-ropos,110,2,claude,Negative,Other,
npa09eu,ClaudeAI,CeleryOutside3183,110,1,claude,Negative,Accuracy/Hallucination,
npa4eap,ClaudeAI,wildrabbit12,110,1,claude,Neutral,N/A,
npa4zcj,ClaudeAI,AlDente,110,1,claude,Positive,N/A,
npaf4no,ClaudeAI,Harvard_Med_USMLE267,110,1,claude,Positive,N/A,
npafphj,ClaudeAI,ivarpuvar,110,1,claude,Negative,Other,
npaimta,ClaudeAI,FlatulistMaster,110,1,claude,Positive,N/A,
npaxfa3,ClaudeAI,taflad,110,1,N/A,Positive,N/A,
np9vqwt,ClaudeAI,Brief_Fall_8627,110,0,claude,Positive,N/A,
np9i6pn,ClaudeAI,thehashimwarren,110,84,claude,Negative,Other,
np9x30v,ClaudeAI,Mental-Position-4533,110,-9,N/A,Positive,N/A,
np9yjb8,ClaudeAI,Mental-Position-4533,110,1,chatgpt,Positive,N/A,
np9xz3g,ClaudeAI,Mental-Position-4533,110,-1,claude,Positive,N/A,
npa01bh,ClaudeAI,Mental-Position-4533,110,1,N/A,Positive,N/A,
npa17ur,ClaudeAI,Mental-Position-4533,110,1,claude,Positive,N/A,
npa1nxn,ClaudeAI,Mental-Position-4533,110,2,claude,Positive,N/A,
npa5oxx,ClaudeAI,Mental-Position-4533,110,1,claude,Neutral,Product Gap,
np9y4ba,ClaudeAI,Mental-Position-4533,110,1,claude,Positive,N/A,
npa9jra,ClaudeAI,AlDente,110,0,claude,Positive,N/A,
npao33r,ClaudeAI,ThesisWarrior,110,1,claude,Neutral,N/A,
npa8u2f,ClaudeAI,AlDente,110,1,claude,Neutral,Product Gap,
npatcph,ClaudeAI,dubious_capybara,110,1,claude,Negative,Other,
np7x7a4,ClaudeAI,IversusAI,126,5,claude,Negative,Product Gap,
np86ni2,ClaudeAI,LaymanAnalyst,126,3,claude,Neutral,N/A,
np83sxs,ClaudeAI,painterknittersimmer,126,2,claude,Positive,N/A,
np8qynq,ClaudeAI,YaZord,126,1,claude,Neutral,N/A,
np9bds6,ClaudeAI,Erdlicht,126,1,claude,Positive,N/A,
npa5czp,ClaudeAI,Forsaken-Cap-6481,126,0,claude,Neutral,N/A,
npajh1s,ClaudeAI,Steel_Neuron,126,5,claude,Neutral,N/A,
npaqntk,ClaudeAI,tindalos,126,1,claude,Neutral,N/A,
nparl8v,ClaudeAI,patakuti,126,1,claude,Positive,Product Gap,
np7t6ib,ClaudeAI,Dazzling-Living-3675,126,7,claude,Neutral,N/A,
np8h5pb,ClaudeAI,philip_laureano,126,14,claude,Negative,Accuracy/Hallucination,
npasel5,ClaudeAI,philip_laureano,126,1,claude,Negative,Product Gap,
np8i5ka,ClaudeAI,swiftmerchant,126,3,claude,Neutral,N/A,
np8rxt9,ClaudeAI,HelpRespawnedAsDee,126,1,N/A,Negative,Other,
np8shnx,ClaudeAI,YaZord,126,4,claude,Neutral,N/A,
np8uis7,ClaudeAI,painterknittersimmer,126,1,gemini,Positive,N/A,
np8nauy,ClaudeAI,advicegrapefruit,294,1,claude,Neutral,N/A,
np9uxgg,ClaudeAI,stingraycharles,25,45,claude,Neutral,Accuracy/Hallucination,
np9zptv,ClaudeAI,MichaelT_KC,25,11,claude,Positive,N/A,
np9j9y5,ClaudeAI,clayingmore,25,4,gemini,Positive,N/A,
np9wi3l,ClaudeAI,bernpfenn,25,4,claude,Positive,N/A,
npa6lzr,ClaudeAI,alwaysalmosts,25,3,claude,Positive,N/A,
npacv2e,ClaudeAI,SumGeniusAI,25,5,claude,Positive,N/A,
np9vq4t,ClaudeAI,Bentendo24,25,12,claude,Positive,Product Gap,
np9ht83,ClaudeAI,Input-X,25,9,claude,Positive,N/A,
np9ybz5,ClaudeAI,thebadpete,25,3,claude,Positive,N/A,
np9hpu9,ClaudeAI,Oldguy3494,25,6,claude,Positive,N/A,
np9gn8w,ClaudeAI,InterYuG1oCard,25,2,claude,Positive,N/A,
np9z32l,ClaudeAI,BrilliantEmotion4461,25,1,claude,Neutral,N/A,
npa71c2,ClaudeAI,One_Tear_9813,25,1,chatgpt,Positive,N/A,
npas97b,ClaudeAI,cat_of_cats,25,1,claude,Positive,Product Gap,
np9ugfg,ClaudeAI,dramaking37,25,1,claude,Positive,N/A,
npa7li3,ClaudeAI,mattsim23,25,2,claude,Neutral,N/A,
np9mwwz,ClaudeAI,PlasProb,25,1,claude,Neutral,Speed,
npasj2y,ClaudeAI,hjras,25,1,claude,Positive,N/A,
npadh4y,ClaudeAI,lowfour,25,1,claude,Neutral,Other,
npa9buw,ClaudeAI,Playful_Estimate_286,25,2,claude,Neutral,N/A,
npayvp4,ClaudeAI,Conget,25,1,claude,Positive,N/A,
npaxyqm,ClaudeAI,tondeaf,25,1,claude,Positive,N/A,
np9w0r7,ClaudeAI,nah_you_good,25,2,claude,Positive,Accuracy/Hallucination,
npag9i9,ClaudeAI,SumGeniusAI,25,1,claude,Positive,N/A,
np9r1d8,ClaudeAI,Input-X,25,2,claude,Neutral,Technical Issue,
npanm5n,ClaudeAI,charliedarwingsd,25,2,claude,Neutral,N/A,
npatsbs,ClaudeAI,floodassistant,6,1,N/A,Neutral,N/A,
npaw7tz,ClaudeAI,Open_Resolution_1969,6,2,gemini,Neutral,Product Gap,
npawemq,ClaudeAI,Big_Status_2433,6,1,gemini,Neutral,N/A,
npawlyu,ClaudeAI,Open_Resolution_1969,6,1,gemini,Neutral,Product Gap,
npawuj3,ClaudeAI,Big_Status_2433,6,2,N/A,Neutral,N/A,
npayeb8,ClaudeAI,Open_Resolution_1969,6,2,gemini,Positive,Product Gap,
npax9mb,ClaudeAI,diggels,6,1,N/A,Neutral,N/A,
npaqjge,ClaudeAI,Patient-Swordfish335,5,5,claude,Positive,N/A,
npaqrji,ClaudeAI,SnackerSnick,5,1,N/A,Neutral,Accuracy/Hallucination,
npar8aa,ClaudeAI,shreyank2106,5,1,claude,Positive,N/A,
np7i9md,ClaudeAI,ah-cho_Cthulhu,119,1,claude,Positive,N/A,
np6wayr,ClaudeAI,AppealSame4367,119,-1,claude,Negative,Censorship,
np6y2jw,ClaudeAI,GodEmperor23,119,6,claude,Positive,N/A,
npao7up,ClaudeAI,Secret_Literature504,6,1,issue,Negative,Technical Issue,
np68t5j,ClaudeAI,txgsync,73,1,claude,Positive,N/A,
np79h15,ClaudeAI,Kagmajn,73,1,claude,Neutral,Data Privacy,
np7ecxa,ClaudeAI,ebalonabol,73,1,claude,Negative,Accuracy/Hallucination,
np84sdm,ClaudeAI,rrrx3,73,1,cursor,Neutral,Accuracy/Hallucination,
np85fi8,ClaudeAI,Keep-Darwin-Going,73,1,claude,Negative,Accuracy/Hallucination,
npanaae,ClaudeAI,khgs2411,73,1,claude,Negative,Accuracy/Hallucination,
np6mxde,ClaudeAI,sand_scooper,73,1,N/A,Negative,Accuracy/Hallucination,
np653a0,ClaudeAI,sugarfreecaffeine,73,1,issue,Negative,Cost/Access,
np7752p,ClaudeAI,servernode,73,1,claude,Neutral,Accuracy/Hallucination,
np6bld5,ClaudeAI,IcezMan_,73,0,claude,Neutral,Cost/Access,
np6n7jd,ClaudeAI,txgsync,73,1,claude,Negative,Technical Issue,
npaykcg,ClaudeAI,Kagmajn,73,1,claude,Positive,N/A,
np5wej6,ClaudeAI,Conrad_Mc,162,3,claude,Negative,Technical Issue,
np6i73f,ClaudeAI,Direct-Relation6424,162,1,claude,Neutral,Accuracy/Hallucination,
np7q430,ClaudeAI,thegreatredbeard,162,1,issue,Negative,Technical Issue,
np99m05,ClaudeAI,IReportLuddites,162,1,claude,Neutral,Other,
npaxzpp,ClaudeAI,gkpeacedude,162,1,claude,Negative,Accuracy/Hallucination,
np62lhf,ClaudeAI,pr0b0ner,162,1,claude,Negative,Accuracy/Hallucination,
np5xkvt,ClaudeAI,Sweetangel100,162,0,hallucination,Neutral,Accuracy/Hallucination,
np6z4bj,ClaudeAI,PilgrimOfHaqq,162,1,claude,Negative,Technical Issue,
np6qp17,ClaudeAI,Ok_Introduction4959,162,2,claude,Negative,Technical Issue,
np9ohpf,ClaudeAI,UnknownEssence,162,0,claude,Neutral,N/A,
np9m5si,ClaudeAI,Kanute3333,7,8,claude,Positive,N/A,
np9hfxy,ClaudeAI,solaza,7,9,claude,Positive,N/A,
npa9af0,ClaudeAI,Royal_Dependent9022,7,1,claude,Neutral,N/A,
npac0ki,ClaudeAI,redrabbit1984,7,1,claude,Positive,Cost/Access,
np3axpc,ClaudeAI,Complex_Nerve_6961,731,172,claude,Positive,N/A,
np3n1e0,ClaudeAI,_sikandar,731,56,N/A,Neutral,Other,
np40txd,ClaudeAI,temurbv,731,12,claude,Neutral,Other,
np2oaug,ClaudeAI,JounDB,731,18,claude,Positive,N/A,
np38dh3,ClaudeAI,Femtow,731,15,claude,Positive,N/A,
np5uko1,ClaudeAI,pekoms_123,731,3,claude,Positive,N/A,
np43yr2,ClaudeAI,glitchsir,731,8,claude,Negative,Speed,
np73xkp,ClaudeAI,Midas-touch-xr,731,4,claude,Negative,Technical Issue,
np4jhab,ClaudeAI,Pakspul,731,2,claude,Positive,N/A,
np35lpc,ClaudeAI,thedotmack,731,2,claude,Positive,N/A,
np2lpwp,ClaudeAI,ILoveDeepWork,731,2,claude,Positive,N/A,
np4ib3c,ClaudeAI,Rich_Artist_8327,731,1,claude,Negative,Other,
np4iz5l,ClaudeAI,rita_mita_bata,731,1,claude,Positive,N/A,
np4l06l,ClaudeAI,Psychological_Style1,731,1,claude,Positive,N/A,
np5741c,ClaudeAI,Feriman22,731,1,claude,Positive,N/A,
np69dm3,ClaudeAI,eastcoasttakeout,731,1,claude,Neutral,N/A,
npaqelv,ClaudeAI,Prestigious_Artist65,731,1,claude,Neutral,Other,
np46gaw,ClaudeAI,Big_Contribution_782,731,1,claude,Neutral,N/A,
np4ixem,ClaudeAI,GuillaumeJ,731,1,claude,Positive,N/A,
np2js6m,ClaudeAI,portugese_fruit,731,0,claude,Neutral,N/A,
np3992t,ClaudeAI,Critical-Agency629,731,0,claude,Neutral,N/A,
np4h8ns,ClaudeAI,LForbesIam,731,0,claude,Negative,Accuracy/Hallucination,
np40ptd,ClaudeAI,Pretend_Elephant_896,731,0,claude,Neutral,N/A,
np4cvf2,ClaudeAI,vichustephen,731,0,claude,Negative,Product Gap,
np2y7s3,ClaudeAI,fprotthetarball,731,105,claude,Positive,N/A,
np49zur,ClaudeAI,saito200,731,14,claude,Neutral,N/A,
np58jgu,ClaudeAI,quantum1eeps,731,4,claude,Positive,N/A,
np6jln8,ClaudeAI,freedompower,731,1,claude,Positive,N/A,
np2xxrq,ClaudeAI,Adorable-Lemon4412,731,-20,claude,Positive,N/A,
np444mk,ClaudeAI,bnm777,731,-3,claude,Neutral,N/A,
np4omno,ClaudeAI,DeliciousGorilla,731,50,claude,Neutral,N/A,
np4gcsj,ClaudeAI,pervy_roomba,731,16,claude,Negative,Accuracy/Hallucination,
np4n20s,ClaudeAI,Adorable-Lemon4412,731,1,claude,Positive,N/A,
np68qjp,ClaudeAI,OppositeDeparture789,731,1,claude,Negative,Technical Issue,
np2y19v,ClaudeAI,college-throwaway87,731,1,claude,Negative,Technical Issue,
np4qdyj,ClaudeAI,DeliciousGorilla,731,0,claude,Positive,N/A,
np4howv,ClaudeAI,__Jaume,731,18,claude,Positive,N/A,
np52bjf,ClaudeAI,pelagion,731,3,claude,Neutral,N/A,
np9ky9w,ClaudeAI,TheBadgerKing1992,731,3,claude,Positive,N/A,
np3zlcz,ClaudeAI,thedotmack,731,2,claude,Positive,N/A,
np6wp2c,ClaudeAI,mattparkerequality,731,3,claude,Neutral,N/A,
np2z1nw,ClaudeAI,Adorable-Lemon4412,731,-11,claude,Positive,N/A,
np47mwf,ClaudeAI,FierceFa,731,5,claude,Neutral,N/A,
np575mq,ClaudeAI,TrueTrueBlackPilld,731,-1,claude,Neutral,N/A,
np8ka7a,ClaudeAI,Mighty-anemone,9,1,claude,Positive,N/A,
nomwbrg,cursor,luluuu2,3,1,cursor,Negative,Product Gap,
np9x1mz,cursor,Odd_Force_4627,3,1,cursor,Positive,N/A,
np1d078,cursor,Successful-Collar-70,3,1,cursor,Positive,N/A,
nounqgh,cursor,DrGooLabs,3,1,cursor,Positive,N/A,
nop9ump,cursor,adssidhu86,3,1,cursor,Neutral,N/A,
noqpi51,cursor,beamstart,3,1,cursor,Positive,N/A,
np9bdvv,cursor,pm_me_ur_doggo__,33,21,cursor,Neutral,Cost/Access,
npa4v90,cursor,singfx,33,2,cursor,Neutral,N/A,
nparwhj,cursor,dev_reez,33,2,claude,Negative,Cost/Access,
np9ejsg,cursor,FailedGradAdmissions,33,3,cursor,Neutral,Product Gap,
npawjqo,cursor,Kitchen-Dress-5431,33,1,claude,Neutral,Cost/Access,
np9sbn7,cursor,Mister_Remarkable,33,-10,claude,Neutral,Other,
np9zgbq,cursor,Wide-Annual-4858,33,2,cursor,Positive,N/A,
np9o4fg,cursor,alzho12,33,0,cursor,Neutral,N/A,
np9tqbi,cursor,popiazaza,33,3,cursor,Positive,N/A,
npaf3ox,cursor,Adventurous_Key2376,33,1,cursor,Neutral,N/A,
np9t2rf,cursor,popiazaza,33,9,claude,Negative,Product Gap,
npadjbg,cursor,soul_ranveer__,33,3,claude,Negative,Product Gap,
npaljah,cursor,OneMonk,33,1,cursor,Neutral,Data Privacy,
np9uon3,cursor,Mister_Remarkable,33,0,claude,Positive,Other,
npatqwg,cursor,Mister_Remarkable,33,-1,cursor,Negative,Accuracy/Hallucination,
npaxg5a,cursor,soul_ranveer__,33,1,cursor,Positive,N/A,
npapq77,cursor,dileepa_r,5,1,cursor,Neutral,N/A,
np88blc,cursor,JustinG38,42,1,claude,Neutral,N/A,
np9ryd0,cursor,GodSaveElway,42,1,chatgpt,Neutral,N/A,
npa7fx0,cursor,Zenith2012,42,1,cursor,Neutral,Speed,
np88k71,cursor,Embarrassed_Soil2714,42,0,cursor,Neutral,N/A,
npavmkw,cursor,Remedy92,3,2,claude,Negative,Cost/Access,
np7tnlb,cursor,Defiant-Broccoli7415,15,43,cursor,Negative,Technical Issue,
np7rlve,cursor,grower-lenses,15,8,cursor,Neutral,N/A,
np9roeg,cursor,Critical_Win956,15,1,cursor,Neutral,N/A,
np9lbqr,cursor,vanillaslice_,15,2,cursor,Neutral,Technical Issue,
np80gtp,cursor,Fantastic_Ad_1457,146,1,cursor,Positive,N/A,
np64c3o,cursor,tubetarakan,190,1,claude,Neutral,N/A,
np478da,cursor,Euphoric_Oneness,190,1,claude,Negative,Accuracy/Hallucination,
np9gwyk,cursor,itsdarkness_10,25,1,cursor,Neutral,N/A,
np5sbjw,cursor,Efficient_Loss_9928,25,0,cursor,Neutral,N/A,
np5v7fj,cursor,Powishiswilfre,25,2,cursor,Neutral,N/A,
np5qpk1,cursor,LadiesLuvMe,21,20,issue,Negative,Accuracy/Hallucination,
np5s5jb,cursor,vanillaslice_,21,7,claude,Negative,Accuracy/Hallucination,
np6mdnf,cursor,circalight,21,1,N/A,Neutral,N/A,
npa54sf,cursor,ianbryte,21,1,claude,Neutral,Other,
np5zams,cursor,GoBuffaloes,21,3,claude,Positive,N/A,
npa7rhm,cursor,ConferenceLower5853,1,1,cursor,Negative,Technical Issue,
npa8re9,cursor,Due_Base2820,0,2,claude,Negative,Accuracy/Hallucination,
npadvlb,cursor,ThinkMenai,0,1,cursor,Neutral,N/A,
npahaoa,cursor,ThinkMenai,0,1,cursor,Positive,Cost/Access,
ngz2dvo,DeepSeek,Plastic-Oven-6253,74,13,deepseek,Positive,N/A,
mbbzhv5,DeepSeek,B89983ikei,24,3,deepseek,Neutral,N/A,
mc05itp,DeepSeek,Ok-Swordfish-2928,24,1,deepseek,Negative,Technical Issue,
mp249ly,DeepSeek,Huge_Tart_9211,24,1,deepseek,Neutral,Product Gap,
np7ssqi,DeepSeek,Unwritten--Try,6,3,deepseek,Positive,Cost/Access,
np7vhob,DeepSeek,gabrielxdesign,6,2,deepseek,Neutral,N/A,
np86s8v,DeepSeek,NPC_4842358,6,2,chatgpt,Neutral,N/A,
np8wayq,DeepSeek,m_domino,6,1,claude,Neutral,N/A,
np868yu,DeepSeek,NPC_4842358,6,1,issue,Negative,Technical Issue,
np8cq5c,DeepSeek,Number4extraDip,6,1,gemini,Neutral,Product Gap,
np8alaa,DeepSeek,Zulfiqaar,0,3,deepseek,Neutral,Censorship,
np834iz,DeepSeek,Ipowi01,0,2,claude,Negative,Accuracy/Hallucination,
npafovd,DeepSeek,Number4extraDip,0,1,deepseek,Negative,Accuracy/Hallucination,
np9gy6f,DeepSeek,Smart-Cap-2216,0,0,deepseek,Negative,Accuracy/Hallucination,
np04mm9,DeepSeek,MrHaxx1,78,2,censored,Negative,Censorship,
nozjur5,DeepSeek,Randomboy89,78,2,deepseek,Negative,Censorship,
noznltv,DeepSeek,imrzzz,78,1,deepseek,Negative,Speed,
nozj3lh,DeepSeek,coloradical5280,78,-3,deepseek,Negative,Censorship,
nozco98,DeepSeek,datfalloutboi,78,9,deepseek,Negative,Censorship,
np1bfz0,DeepSeek,imrzzz,78,2,deepseek,Negative,Censorship,
nozc022,DeepSeek,ninhaomah,78,-4,censored,Neutral,Censorship,
np049n1,DeepSeek,masterbrewerwilliam,78,4,deepseek,Negative,Censorship,
nozppvq,DeepSeek,datfalloutboi,78,3,deepseek,Neutral,Product Gap,
np4ogsh,DeepSeek,Holiday-Ad-2075,9,3,chatgpt,Negative,Technical Issue,
np2s4zo,DeepSeek,Unwritten--Try,9,2,deepseek,Positive,N/A,
np57qfj,DeepSeek,Unwritten--Try,9,2,deepseek,Neutral,Censorship,
np6x38s,DeepSeek,LeChief,9,4,chatgpt,Negative,Product Gap,
np1ye8k,DeepSeek,Saltwater_Fish,12,1,deepseek,Neutral,Technical Issue,
nowmr7q,DeepSeek,Number4extraDip,49,1,claude,Neutral,Other,
noxxxo4,DeepSeek,johanna_75,40,1,deepseek,Neutral,Product Gap,
noy2jzq,DeepSeek,bayernboer,40,1,chatgpt,Positive,N/A,
now7yjb,DeepSeek,johanna_75,40,-6,deepseek,Negative,Product Gap,
noy2lme,DeepSeek,LetMeRegisterPls8756,40,1,deepseek,Neutral,Accuracy/Hallucination,
nozf36z,DeepSeek,No_Tap6626,40,1,deepseek,Positive,N/A,
noxx9hr,DeepSeek,KaroYadgar,40,3,deepseek,Positive,N/A,
noxqvjd,DeepSeek,Unwritten--Try,0,1,deepseek,Neutral,Other,
nouq2s8,DeepSeek,According-Clock6266,6,3,deepseek,Neutral,Cost/Access,
